Date,Open,High,Low,Close,Volume,Dividends,Stock Splits
2021-11-15 00:00:00+05:30,1150.0,1248.9000244140625,1149.0,1202.300048828125,36379065,0.0,0.0
2021-11-16 00:00:00+05:30,1210.0,1434.0,1210.0,1341.9000244140625,14456023,0.0,0.0
2021-11-17 00:00:00+05:30,1350.0,1470.0,1342.0,1447.949951171875,7068789,0.0,0.0
2021-11-18 00:00:00+05:30,1440.0,1464.800048828125,1302.550048828125,1332.3499755859375,5505748,0.0,0.0
2021-11-22 00:00:00+05:30,1332.0,1332.0,1190.0999755859375,1237.550048828125,3843305,0.0,0.0
2021-11-23 00:00:00+05:30,1230.0,1279.0,1210.0,1214.8499755859375,1275807,0.0,0.0
2021-11-24 00:00:00+05:30,1228.800048828125,1328.4000244140625,1227.0,1303.8499755859375,2005083,0.0,0.0
2021-11-25 00:00:00+05:30,1315.0,1339.0,1245.199951171875,1260.6500244140625,1623994,0.0,0.0
2021-11-26 00:00:00+05:30,1254.0,1308.0,1210.0,1273.449951171875,1075975,0.0,0.0
2021-11-29 00:00:00+05:30,1251.0,1300.0,1212.0,1229.800048828125,523928,0.0,0.0
2021-11-30 00:00:00+05:30,1244.25,1288.0,1210.0,1215.5999755859375,553534,0.0,0.0
2021-12-01 00:00:00+05:30,1247.0,1274.0,1206.300048828125,1214.25,601108,0.0,0.0
2021-12-02 00:00:00+05:30,1224.0,1235.300048828125,1210.0,1213.800048828125,278094,0.0,0.0
2021-12-03 00:00:00+05:30,1215.0,1224.75,1210.0,1210.5999755859375,323950,0.0,0.0
2021-12-06 00:00:00+05:30,1214.800048828125,1217.8499755859375,1121.300048828125,1146.75,1131799,0.0,0.0
2021-12-07 00:00:00+05:30,1163.0,1198.0,1163.0,1190.5999755859375,1045117,0.0,0.0
2021-12-08 00:00:00+05:30,1200.0,1200.0,1170.0,1187.6500244140625,303568,0.0,0.0
2021-12-09 00:00:00+05:30,1190.0,1190.050048828125,1126.0999755859375,1131.25,427828,0.0,0.0
2021-12-10 00:00:00+05:30,1124.75,1160.0,1120.8499755859375,1134.75,486075,0.0,0.0
2021-12-13 00:00:00+05:30,1101.0,1173.949951171875,1075.6500244140625,1153.0,2879984,0.0,0.0
2021-12-14 00:00:00+05:30,1153.0,1164.5999755859375,1100.0,1125.6500244140625,1668073,0.0,0.0
2021-12-15 00:00:00+05:30,1127.0,1136.050048828125,1096.25,1119.550048828125,918448,0.0,0.0
2021-12-16 00:00:00+05:30,1120.0,1144.0,1093.199951171875,1101.8499755859375,864396,0.0,0.0
2021-12-17 00:00:00+05:30,1105.0,1111.550048828125,1068.0999755859375,1083.75,771974,0.0,0.0
2021-12-20 00:00:00+05:30,1058.0,1074.550048828125,885.0,939.1500244140625,2343482,0.0,0.0
2021-12-21 00:00:00+05:30,985.0,1005.0,950.0,955.7000122070312,1536838,0.0,0.0
2021-12-22 00:00:00+05:30,985.0,994.25,968.0,980.1500244140625,791622,0.0,0.0
2021-12-23 00:00:00+05:30,991.9500122070312,991.9500122070312,973.2999877929688,979.5999755859375,327842,0.0,0.0
2021-12-24 00:00:00+05:30,985.0,990.0,975.0,983.0499877929688,433142,0.0,0.0
2021-12-27 00:00:00+05:30,975.0,981.9000244140625,955.0,977.3499755859375,366675,0.0,0.0
2021-12-28 00:00:00+05:30,987.0999755859375,998.0,931.0,969.7999877929688,545088,0.0,0.0
2021-12-29 00:00:00+05:30,961.0,980.0,952.3499755859375,961.4500122070312,466660,0.0,0.0
2021-12-30 00:00:00+05:30,959.0,965.2000122070312,925.0,929.0499877929688,457837,0.0,0.0
2021-12-31 00:00:00+05:30,942.0,970.0,942.0,950.2999877929688,519564,0.0,0.0
2022-01-03 00:00:00+05:30,957.9000244140625,965.5499877929688,940.8499755859375,952.2999877929688,160883,0.0,0.0
2022-01-04 00:00:00+05:30,958.0,972.0499877929688,955.0499877929688,965.0499877929688,359709,0.0,0.0
2022-01-05 00:00:00+05:30,968.0,968.0,933.0,942.7000122070312,401811,0.0,0.0
2022-01-06 00:00:00+05:30,942.6500244140625,946.7999877929688,885.0,890.5999755859375,964964,0.0,0.0
2022-01-07 00:00:00+05:30,894.0,900.7000122070312,885.0999755859375,894.2000122070312,351858,0.0,0.0
2022-01-10 00:00:00+05:30,900.0,906.7000122070312,885.3499755859375,899.75,280299,0.0,0.0
2022-01-11 00:00:00+05:30,929.0,929.4000244140625,856.8499755859375,860.5499877929688,1060408,0.0,0.0
2022-01-12 00:00:00+05:30,862.0,892.0,860.3499755859375,871.7000122070312,679115,0.0,0.0
2022-01-13 00:00:00+05:30,878.0,921.0,875.0,918.1500244140625,1119049,0.0,0.0
2022-01-14 00:00:00+05:30,900.0,951.0,898.3499755859375,941.4000244140625,896371,0.0,0.0
2022-01-17 00:00:00+05:30,945.0,1052.949951171875,942.1500244140625,1022.5999755859375,1856173,0.0,0.0
2022-01-18 00:00:00+05:30,1022.5,1027.0,980.0999755859375,998.7999877929688,702679,0.0,0.0
2022-01-19 00:00:00+05:30,999.5,999.7000122070312,923.8499755859375,929.25,962903,0.0,0.0
2022-01-20 00:00:00+05:30,935.9000244140625,948.5499877929688,910.0,915.4000244140625,407879,0.0,0.0
2022-01-21 00:00:00+05:30,915.0,915.0,858.25,864.25,675052,0.0,0.0
2022-01-24 00:00:00+05:30,858.9000244140625,858.9000244140625,765.1500244140625,777.1500244140625,1403932,0.0,0.0
2022-01-25 00:00:00+05:30,776.7000122070312,809.0,725.25,777.5499877929688,1869594,0.0,0.0
2022-01-27 00:00:00+05:30,765.0,768.5999755859375,726.0,735.4500122070312,619828,0.0,0.0
2022-01-28 00:00:00+05:30,748.0,848.7000122070312,742.2999877929688,789.0499877929688,2854019,0.0,0.0
2022-01-31 00:00:00+05:30,800.0,818.6500244140625,771.0,795.0499877929688,750049,0.0,0.0
2022-02-01 00:00:00+05:30,807.0,874.0,802.4000244140625,862.4000244140625,2150489,0.0,0.0
2022-02-02 00:00:00+05:30,867.0,905.0,862.4000244140625,900.7999877929688,1016948,0.0,0.0
2022-02-03 00:00:00+05:30,899.9000244140625,940.0,877.0,936.5,1199771,0.0,0.0
2022-02-04 00:00:00+05:30,940.5,972.4000244140625,928.0,941.5999755859375,891994,0.0,0.0
2022-02-07 00:00:00+05:30,929.5,929.9000244140625,883.2999877929688,892.1500244140625,259054,0.0,0.0
2022-02-08 00:00:00+05:30,864.0,908.3499755859375,848.0,886.9500122070312,785891,0.0,0.0
2022-02-09 00:00:00+05:30,892.0,933.5,888.25,926.25,337890,0.0,0.0
2022-02-10 00:00:00+05:30,928.0,932.0499877929688,787.2999877929688,868.0999755859375,464755,0.0,0.0
2022-02-11 00:00:00+05:30,840.0,840.0499877929688,774.4000244140625,778.9000244140625,8762784,0.0,0.0
2022-02-14 00:00:00+05:30,750.0,770.0,750.0,763.9500122070312,510988,0.0,0.0
2022-02-15 00:00:00+05:30,776.0,798.0,772.0,788.7000122070312,650259,0.0,0.0
2022-02-16 00:00:00+05:30,788.5,795.6500244140625,771.0,775.7000122070312,723133,0.0,0.0
2022-02-17 00:00:00+05:30,782.5999755859375,787.0999755859375,753.2999877929688,763.3499755859375,344433,0.0,0.0
2022-02-18 00:00:00+05:30,754.0,762.0,744.0999755859375,751.5499877929688,367620,0.0,0.0
2022-02-21 00:00:00+05:30,748.8499755859375,757.25,718.0499877929688,727.7000122070312,402884,0.0,0.0
2022-02-22 00:00:00+05:30,712.25,712.25,664.5499877929688,686.9000244140625,944296,0.0,0.0
2022-02-23 00:00:00+05:30,690.0,703.5999755859375,670.0,676.3499755859375,547472,0.0,0.0
2022-02-24 00:00:00+05:30,641.0,674.9000244140625,618.0,660.4000244140625,988597,0.0,0.0
2022-02-25 00:00:00+05:30,675.0,695.0,653.0,666.4000244140625,1022926,0.0,0.0
2022-02-28 00:00:00+05:30,665.0,669.5499877929688,650.0499877929688,662.0499877929688,538236,0.0,0.0
2022-03-02 00:00:00+05:30,657.9000244140625,662.0,630.3499755859375,644.1500244140625,1308729,0.0,0.0
2022-03-03 00:00:00+05:30,649.0,675.5499877929688,645.4500122070312,659.5999755859375,2159350,0.0,0.0
2022-03-04 00:00:00+05:30,650.0,673.9000244140625,647.0999755859375,655.3499755859375,836371,0.0,0.0
2022-03-07 00:00:00+05:30,638.0,672.0,631.8499755859375,668.0499877929688,740376,0.0,0.0
2022-03-08 00:00:00+05:30,667.9000244140625,703.0,666.3499755859375,689.2999877929688,592751,0.0,0.0
2022-03-09 00:00:00+05:30,699.0,720.0,688.0,708.3499755859375,429740,0.0,0.0
2022-03-10 00:00:00+05:30,720.0,735.0,706.2000122070312,710.9500122070312,303940,0.0,0.0
2022-03-11 00:00:00+05:30,709.7999877929688,716.0,698.5499877929688,703.0999755859375,189611,0.0,0.0
2022-03-14 00:00:00+05:30,705.0499877929688,714.8499755859375,672.0499877929688,692.8499755859375,424118,0.0,0.0
2022-03-15 00:00:00+05:30,698.0,698.0,676.0,690.1500244140625,413906,0.0,0.0
2022-03-16 00:00:00+05:30,695.4500122070312,711.3499755859375,683.0,700.75,609695,0.0,0.0
2022-03-17 00:00:00+05:30,715.0,789.8499755859375,715.0,766.2999877929688,2177585,0.0,0.0
2022-03-21 00:00:00+05:30,774.5,774.5,737.25,747.5999755859375,330713,0.0,0.0
2022-03-22 00:00:00+05:30,753.7999877929688,753.7999877929688,726.0,748.9500122070312,311134,0.0,0.0
2022-03-23 00:00:00+05:30,756.0,765.0,708.9500122070312,713.3499755859375,626050,0.0,0.0
2022-03-24 00:00:00+05:30,724.0999755859375,727.0,714.0,720.0999755859375,254297,0.0,0.0
2022-03-25 00:00:00+05:30,726.75,726.75,700.75,704.7000122070312,324823,0.0,0.0
2022-03-28 00:00:00+05:30,710.0,710.0,665.2999877929688,688.5999755859375,435346,0.0,0.0
2022-03-29 00:00:00+05:30,686.0,707.5499877929688,686.0,699.0499877929688,326037,0.0,0.0
2022-03-30 00:00:00+05:30,706.0,725.0,699.0,717.9500122070312,447070,0.0,0.0
2022-03-31 00:00:00+05:30,715.2000122070312,723.5999755859375,687.0,694.2999877929688,276699,0.0,0.0
2022-04-01 00:00:00+05:30,693.0,734.4500122070312,693.0,728.25,287005,0.0,0.0
2022-04-04 00:00:00+05:30,745.0,795.4000244140625,743.25,766.9000244140625,856091,0.0,0.0
2022-04-05 00:00:00+05:30,774.7999877929688,820.0,774.2999877929688,816.2000122070312,1213074,0.0,0.0
2022-04-06 00:00:00+05:30,825.0,825.0499877929688,758.8499755859375,765.5499877929688,1034792,0.0,0.0
2022-04-07 00:00:00+05:30,768.0,779.7999877929688,745.25,749.9000244140625,302095,0.0,0.0
2022-04-08 00:00:00+05:30,755.2000122070312,776.0,741.0,764.6500244140625,303194,0.0,0.0
2022-04-11 00:00:00+05:30,763.0,788.0,745.0,777.6500244140625,330552,0.0,0.0
2022-04-12 00:00:00+05:30,771.0,778.75,751.5,765.2999877929688,195592,0.0,0.0
2022-04-13 00:00:00+05:30,768.0,810.7999877929688,767.0499877929688,775.9000244140625,554434,0.0,0.0
2022-04-18 00:00:00+05:30,770.0,785.0,757.0,777.7000122070312,179155,0.0,0.0
2022-04-19 00:00:00+05:30,780.0999755859375,803.7000122070312,755.0,776.1500244140625,290717,0.0,0.0
2022-04-20 00:00:00+05:30,786.7999877929688,800.0,776.0,779.9500122070312,187205,0.0,0.0
2022-04-21 00:00:00+05:30,789.9000244140625,790.0,763.0,770.2999877929688,152645,0.0,0.0
2022-04-22 00:00:00+05:30,767.4500122070312,767.5,742.1500244140625,749.0999755859375,171797,0.0,0.0
2022-04-25 00:00:00+05:30,735.2000122070312,740.0999755859375,693.7000122070312,699.0,497242,0.0,0.0
2022-04-26 00:00:00+05:30,708.5,712.4500122070312,689.0,690.9500122070312,348880,0.0,0.0
2022-04-27 00:00:00+05:30,676.0999755859375,692.2999877929688,649.0,651.0,707834,0.0,0.0
2022-04-28 00:00:00+05:30,665.0,673.8499755859375,645.4000244140625,664.7999877929688,407352,0.0,0.0
2022-04-29 00:00:00+05:30,678.0,680.0,663.4500122070312,668.25,344523,0.0,0.0
2022-05-02 00:00:00+05:30,655.0,657.5999755859375,642.0999755859375,648.3499755859375,195853,0.0,0.0
2022-05-04 00:00:00+05:30,655.75,660.7000122070312,630.1500244140625,638.5999755859375,268243,0.0,0.0
2022-05-05 00:00:00+05:30,648.2999877929688,659.7999877929688,626.0499877929688,629.25,210817,0.0,0.0
2022-05-06 00:00:00+05:30,620.0,620.0,597.0499877929688,616.9500122070312,498504,0.0,0.0
2022-05-09 00:00:00+05:30,610.0,610.8499755859375,580.2999877929688,584.2000122070312,270841,0.0,0.0
2022-05-10 00:00:00+05:30,582.0,587.3499755859375,540.0999755859375,568.25,353419,0.0,0.0
2022-05-11 00:00:00+05:30,569.4500122070312,614.0,560.0,590.3499755859375,1501804,0.0,0.0
2022-05-12 00:00:00+05:30,580.0,584.9500122070312,542.0,549.5999755859375,740958,0.0,0.0
2022-05-13 00:00:00+05:30,575.9000244140625,659.4500122070312,563.1500244140625,645.2000122070312,3067302,0.0,0.0
2022-05-16 00:00:00+05:30,628.0,698.7000122070312,616.5999755859375,670.5499877929688,2674055,0.0,0.0
2022-05-17 00:00:00+05:30,680.7999877929688,703.0,662.8499755859375,698.5,834522,0.0,0.0
2022-05-18 00:00:00+05:30,702.0,702.0,645.2999877929688,655.0999755859375,1124345,0.0,0.0
2022-05-19 00:00:00+05:30,630.0,644.6500244140625,611.4000244140625,617.2000122070312,700992,0.0,0.0
2022-05-20 00:00:00+05:30,630.0,693.5,629.5499877929688,685.25,1171358,0.0,0.0
2022-05-23 00:00:00+05:30,685.25,710.0,683.5499877929688,695.1500244140625,926247,0.0,0.0
2022-05-24 00:00:00+05:30,707.4000244140625,748.0,682.0499877929688,699.4000244140625,1855949,0.0,0.0
2022-05-25 00:00:00+05:30,702.9000244140625,712.1500244140625,664.5,667.25,639354,0.0,0.0
2022-05-26 00:00:00+05:30,652.0,677.7999877929688,630.5499877929688,669.4000244140625,708198,0.0,0.0
2022-05-27 00:00:00+05:30,688.9500122070312,698.2000122070312,671.5499877929688,689.0999755859375,767647,0.0,0.0
2022-05-30 00:00:00+05:30,697.0,700.6500244140625,681.0,689.5499877929688,653334,0.0,0.0
2022-05-31 00:00:00+05:30,690.0,702.0499877929688,647.7999877929688,663.6500244140625,4365925,0.0,0.0
2022-06-01 00:00:00+05:30,664.5999755859375,672.0999755859375,650.25,658.6500244140625,395519,0.0,0.0
2022-06-02 00:00:00+05:30,658.8499755859375,662.5,645.0499877929688,657.2999877929688,1004283,0.0,0.0
2022-06-03 00:00:00+05:30,666.4000244140625,679.4500122070312,640.0,659.2999877929688,1092206,0.0,0.0
2022-06-06 00:00:00+05:30,662.0,664.8499755859375,646.7999877929688,658.75,552364,0.0,0.0
2022-06-07 00:00:00+05:30,640.0,640.0,556.0,582.9000244140625,10747982,0.0,0.0
2022-06-08 00:00:00+05:30,589.0,592.25,576.0,583.5499877929688,2467723,0.0,0.0
2022-06-09 00:00:00+05:30,583.9500122070312,590.0,572.25,581.9000244140625,1054570,0.0,0.0
2022-06-10 00:00:00+05:30,575.0,595.5999755859375,574.0,590.75,746647,0.0,0.0
2022-06-13 00:00:00+05:30,578.0,603.0,567.4000244140625,587.75,1611864,0.0,0.0
2022-06-14 00:00:00+05:30,587.8499755859375,604.75,585.0499877929688,594.75,1745700,0.0,0.0
2022-06-15 00:00:00+05:30,596.4000244140625,596.8499755859375,581.5,585.4000244140625,1121678,0.0,0.0
2022-06-16 00:00:00+05:30,596.7000122070312,596.7000122070312,572.5999755859375,578.0999755859375,774821,0.0,0.0
2022-06-17 00:00:00+05:30,575.0999755859375,619.8499755859375,552.0,593.7999877929688,8417008,0.0,0.0
2022-06-20 00:00:00+05:30,601.0,602.75,581.2000122070312,592.5,286317,0.0,0.0
2022-06-21 00:00:00+05:30,604.3499755859375,609.6500244140625,577.0999755859375,592.4000244140625,534966,0.0,0.0
2022-06-22 00:00:00+05:30,588.0,597.9000244140625,578.3499755859375,592.5999755859375,1001143,0.0,0.0
2022-06-23 00:00:00+05:30,585.0,592.3499755859375,585.0,587.5,214135,0.0,0.0
2022-06-24 00:00:00+05:30,596.5499877929688,620.0,596.5499877929688,604.75,845020,0.0,0.0
2022-06-27 00:00:00+05:30,615.0,619.9000244140625,600.0,603.0499877929688,286133,0.0,0.0
2022-06-28 00:00:00+05:30,600.5499877929688,600.8499755859375,590.2999877929688,593.6500244140625,441205,0.0,0.0
2022-06-29 00:00:00+05:30,590.0,597.7000122070312,588.0,589.1500244140625,283461,0.0,0.0
2022-06-30 00:00:00+05:30,592.9000244140625,594.0,566.0999755859375,572.9500122070312,346545,0.0,0.0
2022-07-01 00:00:00+05:30,571.9500122070312,603.0,571.4000244140625,588.0499877929688,543062,0.0,0.0
2022-07-04 00:00:00+05:30,588.0499877929688,590.8499755859375,582.25,584.7000122070312,478599,0.0,0.0
2022-07-05 00:00:00+05:30,589.0,593.9500122070312,582.5,585.8499755859375,307837,0.0,0.0
2022-07-06 00:00:00+05:30,583.0,585.7999877929688,570.0,572.5499877929688,1140593,0.0,0.0
2022-07-07 00:00:00+05:30,579.4500122070312,584.0499877929688,568.2999877929688,569.7999877929688,989250,0.0,0.0
2022-07-08 00:00:00+05:30,575.0,576.4000244140625,561.0,564.0499877929688,304414,0.0,0.0
2022-07-11 00:00:00+05:30,564.9000244140625,567.25,555.0999755859375,558.3499755859375,329851,0.0,0.0
2022-07-12 00:00:00+05:30,559.0499877929688,564.8499755859375,553.7000122070312,560.25,460535,0.0,0.0
2022-07-13 00:00:00+05:30,563.9500122070312,573.0499877929688,557.5,559.7000122070312,635436,0.0,0.0
2022-07-14 00:00:00+05:30,560.0,562.5999755859375,542.25,544.9000244140625,298130,0.0,0.0
2022-07-15 00:00:00+05:30,548.2000122070312,551.2000122070312,521.5,524.1500244140625,3465291,0.0,0.0
2022-07-18 00:00:00+05:30,530.4000244140625,533.5999755859375,521.2000122070312,524.9500122070312,400588,0.0,0.0
2022-07-19 00:00:00+05:30,528.9000244140625,541.8499755859375,523.0999755859375,527.4000244140625,1400712,0.0,0.0
2022-07-20 00:00:00+05:30,534.9500122070312,547.0,522.0,524.2999877929688,1535225,0.0,0.0
2022-07-21 00:00:00+05:30,524.3499755859375,530.0,515.5999755859375,527.1500244140625,339125,0.0,0.0
2022-07-22 00:00:00+05:30,530.0,539.5499877929688,516.0,520.0999755859375,427503,0.0,0.0
2022-07-25 00:00:00+05:30,519.5,520.9000244140625,497.29998779296875,499.70001220703125,607803,0.0,0.0
2022-07-26 00:00:00+05:30,501.0,502.20001220703125,467.3999938964844,471.8500061035156,1744983,0.0,0.0
2022-07-27 00:00:00+05:30,474.29998779296875,479.70001220703125,456.25,458.04998779296875,817499,0.0,0.0
2022-07-28 00:00:00+05:30,463.0,488.0,454.29998779296875,459.5,1622673,0.0,0.0
2022-07-29 00:00:00+05:30,465.6499938964844,471.54998779296875,459.5,468.25,623055,0.0,0.0
2022-08-01 00:00:00+05:30,471.45001220703125,512.0,466.29998779296875,504.20001220703125,2844670,0.0,0.0
2022-08-02 00:00:00+05:30,506.0,566.9500122070312,506.0,559.4000244140625,4589177,0.0,0.0
2022-08-03 00:00:00+05:30,554.5,572.5,539.0999755859375,555.4500122070312,1915143,0.0,0.0
2022-08-04 00:00:00+05:30,557.0,557.0,524.4500122070312,549.8499755859375,1050779,0.0,0.0
2022-08-05 00:00:00+05:30,552.0499877929688,574.5999755859375,550.8499755859375,571.25,1233198,0.0,0.0
2022-08-08 00:00:00+05:30,571.0,571.0,553.0,557.4500122070312,643976,0.0,0.0
2022-08-10 00:00:00+05:30,560.0,572.5,550.0,560.5,758279,0.0,0.0
2022-08-11 00:00:00+05:30,565.0,597.2999877929688,558.0999755859375,583.25,2679317,0.0,0.0
2022-08-12 00:00:00+05:30,580.7000122070312,584.6500244140625,560.4000244140625,573.1500244140625,788235,0.0,0.0
2022-08-16 00:00:00+05:30,574.0,582.9500122070312,502.3500061035156,577.0999755859375,1231108,0.0,0.0
2022-08-17 00:00:00+05:30,575.4000244140625,584.5499877929688,548.0,571.7999877929688,677320,0.0,0.0
2022-08-18 00:00:00+05:30,569.5,569.5,549.25,560.2000122070312,871833,0.0,0.0
2022-08-19 00:00:00+05:30,564.6500244140625,564.6500244140625,551.7000122070312,554.5499877929688,552806,0.0,0.0
2022-08-22 00:00:00+05:30,554.5499877929688,554.5499877929688,521.0499877929688,524.4500122070312,621571,0.0,0.0
2022-08-23 00:00:00+05:30,524.75,528.9000244140625,508.3999938964844,512.4500122070312,656313,0.0,0.0
2022-08-24 00:00:00+05:30,515.0,520.4500122070312,501.0,512.7000122070312,1239122,0.0,0.0
2022-08-25 00:00:00+05:30,525.0,554.0,496.45001220703125,505.75,3055638,0.0,0.0
2022-08-26 00:00:00+05:30,512.9500122070312,518.75,501.0,512.1500244140625,1385009,0.0,0.0
2022-08-29 00:00:00+05:30,501.0,508.1499938964844,492.0,496.1499938964844,853049,0.0,0.0
2022-08-30 00:00:00+05:30,503.5,508.5,494.6499938964844,503.04998779296875,782278,0.0,0.0
2022-09-01 00:00:00+05:30,504.5,504.5,491.5,495.54998779296875,675053,0.0,0.0
2022-09-02 00:00:00+05:30,500.70001220703125,502.3500061035156,481.54998779296875,483.29998779296875,682387,0.0,0.0
2022-09-05 00:00:00+05:30,485.5,499.8500061035156,472.0,495.3500061035156,1289741,0.0,0.0
2022-09-06 00:00:00+05:30,500.25,504.54998779296875,487.1000061035156,489.8999938964844,547492,0.0,0.0
2022-09-07 00:00:00+05:30,488.0,495.25,482.1499938964844,489.8999938964844,428723,0.0,0.0
2022-09-08 00:00:00+05:30,496.25,500.04998779296875,488.29998779296875,498.6499938964844,552856,0.0,0.0
2022-09-09 00:00:00+05:30,501.0,521.5999755859375,500.04998779296875,513.3499755859375,1432845,0.0,0.0
2022-09-12 00:00:00+05:30,517.7000122070312,518.0,500.6000061035156,505.04998779296875,689953,0.0,0.0
2022-09-13 00:00:00+05:30,509.6000061035156,575.0,508.0,565.0499877929688,5207482,0.0,0.0
2022-09-14 00:00:00+05:30,551.0999755859375,558.3499755859375,540.0999755859375,546.6500244140625,2201491,0.0,0.0
2022-09-15 00:00:00+05:30,554.0,554.0,512.7999877929688,519.6500244140625,1586997,0.0,0.0
2022-09-16 00:00:00+05:30,522.8499755859375,524.0,511.6000061035156,518.6500244140625,1447653,0.0,0.0
2022-09-19 00:00:00+05:30,518.0,518.0499877929688,504.45001220703125,514.0,546631,0.0,0.0
2022-09-20 00:00:00+05:30,516.9500122070312,523.4500122070312,510.54998779296875,511.3500061035156,506662,0.0,0.0
2022-09-21 00:00:00+05:30,515.0,524.9500122070312,507.8999938964844,509.8999938964844,584741,0.0,0.0
2022-09-22 00:00:00+05:30,515.0,519.7999877929688,504.6000061035156,506.6499938964844,527539,0.0,0.0
2022-09-23 00:00:00+05:30,505.0,509.29998779296875,490.0,492.54998779296875,482059,0.0,0.0
2022-09-26 00:00:00+05:30,489.0,489.1000061035156,461.0,478.8999938964844,909161,0.0,0.0
2022-09-27 00:00:00+05:30,487.8999938964844,487.8999938964844,466.0,477.6499938964844,763330,0.0,0.0
2022-09-28 00:00:00+05:30,473.0,474.79998779296875,466.0,469.45001220703125,371986,0.0,0.0
2022-09-29 00:00:00+05:30,475.0,482.8999938964844,465.0,467.20001220703125,338411,0.0,0.0
2022-09-30 00:00:00+05:30,470.1499938964844,479.79998779296875,468.04998779296875,472.54998779296875,332783,0.0,0.0
2022-10-03 00:00:00+05:30,473.0,476.95001220703125,466.0,468.8500061035156,176149,0.0,0.0
2022-10-04 00:00:00+05:30,475.1000061035156,483.45001220703125,474.29998779296875,482.1499938964844,229697,0.0,0.0
2022-10-06 00:00:00+05:30,482.1499938964844,494.5,481.29998779296875,490.3999938964844,214233,0.0,0.0
2022-10-07 00:00:00+05:30,490.3999938964844,495.79998779296875,485.1499938964844,487.6000061035156,168832,0.0,0.0
2022-10-10 00:00:00+05:30,486.0,486.20001220703125,471.1499938964844,479.1000061035156,207061,0.0,0.0
2022-10-11 00:00:00+05:30,481.54998779296875,481.54998779296875,465.1499938964844,467.6499938964844,174773,0.0,0.0
2022-10-12 00:00:00+05:30,472.3999938964844,472.5,455.54998779296875,457.29998779296875,476156,0.0,0.0
2022-10-13 00:00:00+05:30,461.0,461.0,450.0,452.6000061035156,239571,0.0,0.0
2022-10-14 00:00:00+05:30,460.0,460.0,437.3500061035156,442.3999938964844,385703,0.0,0.0
2022-10-17 00:00:00+05:30,442.0,443.8999938964844,423.45001220703125,426.5,425365,0.0,0.0
2022-10-18 00:00:00+05:30,434.45001220703125,436.0,427.54998779296875,430.0,455624,0.0,0.0
2022-10-19 00:00:00+05:30,434.95001220703125,434.95001220703125,425.8500061035156,427.1499938964844,317478,0.0,0.0
2022-10-20 00:00:00+05:30,424.5,424.5,398.25,400.75,2085369,0.0,0.0
2022-10-21 00:00:00+05:30,404.1000061035156,404.1499938964844,372.79998779296875,379.6499938964844,3189565,0.0,0.0
2022-10-24 00:00:00+05:30,385.8999938964844,399.0,384.75,394.45001220703125,246359,0.0,0.0
2022-10-25 00:00:00+05:30,396.5,397.75,381.0,384.25,797729,0.0,0.0
2022-10-27 00:00:00+05:30,390.0,391.79998779296875,380.0,381.6000061035156,652393,0.0,0.0
2022-10-28 00:00:00+05:30,383.5,399.79998779296875,371.0,393.1499938964844,756862,0.0,0.0
2022-10-31 00:00:00+05:30,394.79998779296875,395.8500061035156,382.54998779296875,386.04998779296875,1094690,0.0,0.0
2022-11-01 00:00:00+05:30,386.04998779296875,404.8500061035156,383.6000061035156,391.75,2105500,0.0,0.0
2022-11-02 00:00:00+05:30,393.75,394.8999938964844,385.1000061035156,388.1000061035156,750356,0.0,0.0
2022-11-03 00:00:00+05:30,386.5,386.5,376.79998779296875,381.04998779296875,390698,0.0,0.0
2022-11-04 00:00:00+05:30,381.04998779296875,384.0,375.0,376.75,955838,0.0,0.0
2022-11-07 00:00:00+05:30,378.0,407.95001220703125,378.0,385.8500061035156,1582369,0.0,0.0
2022-11-09 00:00:00+05:30,407.0,409.75,385.0,389.95001220703125,2529290,0.0,0.0
2022-11-10 00:00:00+05:30,388.79998779296875,388.79998779296875,367.5,373.8999938964844,896110,0.0,0.0
2022-11-11 00:00:00+05:30,380.0,402.29998779296875,375.70001220703125,399.29998779296875,33170651,0.0,0.0
2022-11-14 00:00:00+05:30,403.0,404.70001220703125,383.04998779296875,388.1499938964844,19064112,0.0,0.0
2022-11-15 00:00:00+05:30,389.0,405.70001220703125,373.25,388.25,9367085,0.0,0.0
2022-11-16 00:00:00+05:30,399.0,403.29998779296875,374.5,377.45001220703125,7246933,0.0,0.0
2022-11-17 00:00:00+05:30,378.0,384.0,356.20001220703125,371.54998779296875,7388845,0.0,0.0
2022-11-18 00:00:00+05:30,376.54998779296875,418.0,376.20001220703125,402.3999938964844,18241850,0.0,0.0
2022-11-21 00:00:00+05:30,398.95001220703125,419.3999938964844,396.8999938964844,411.54998779296875,5561641,0.0,0.0
2022-11-22 00:00:00+05:30,410.0,415.0,394.25,400.95001220703125,3549334,0.0,0.0
2022-11-23 00:00:00+05:30,402.45001220703125,405.70001220703125,391.0,400.3999938964844,2703908,0.0,0.0
2022-11-24 00:00:00+05:30,410.04998779296875,448.0,400.0,432.0,22377697,0.0,0.0
2022-11-25 00:00:00+05:30,447.0,466.8999938964844,437.0,460.54998779296875,11076526,0.0,0.0
2022-11-28 00:00:00+05:30,459.95001220703125,482.0,447.6499938964844,451.79998779296875,7874338,0.0,0.0
2022-11-29 00:00:00+05:30,445.0,466.0,440.20001220703125,460.3500061035156,4906264,0.0,0.0
2022-11-30 00:00:00+05:30,464.3999938964844,466.8500061035156,447.04998779296875,452.75,2436559,0.0,0.0
2022-12-01 00:00:00+05:30,458.5,466.0,453.25,461.0,1916324,0.0,0.0
2022-12-02 00:00:00+05:30,481.0,489.0,465.1000061035156,483.0,10221985,0.0,0.0
2022-12-05 00:00:00+05:30,486.0,500.70001220703125,475.1499938964844,477.3999938964844,6208330,0.0,0.0
2022-12-06 00:00:00+05:30,479.3999938964844,482.29998779296875,455.0,457.70001220703125,4408452,0.0,0.0
2022-12-07 00:00:00+05:30,460.0,461.70001220703125,451.0,458.54998779296875,3227033,0.0,0.0
2022-12-08 00:00:00+05:30,459.29998779296875,485.0,457.0,481.8999938964844,6396544,0.0,0.0
2022-12-09 00:00:00+05:30,477.8999938964844,482.25,460.5,466.8500061035156,3673714,0.0,0.0
2022-12-12 00:00:00+05:30,468.0,468.0,455.0,457.75,2398505,0.0,0.0
2022-12-13 00:00:00+05:30,460.0,465.8999938964844,454.0,460.1000061035156,2143043,0.0,0.0
2022-12-14 00:00:00+05:30,462.0,468.45001220703125,456.6499938964844,465.8500061035156,1257340,0.0,0.0
2022-12-15 00:00:00+05:30,464.5,467.3999938964844,450.0,453.1499938964844,1177822,0.0,0.0
2022-12-16 00:00:00+05:30,451.0,469.95001220703125,451.0,463.6499938964844,3690768,0.0,0.0
2022-12-19 00:00:00+05:30,461.5,492.8500061035156,460.8500061035156,485.6000061035156,5516786,0.0,0.0
2022-12-20 00:00:00+05:30,478.0,489.8999938964844,472.3500061035156,476.95001220703125,2078626,0.0,0.0
2022-12-21 00:00:00+05:30,478.45001220703125,480.6000061035156,453.5,460.1000061035156,2178624,0.0,0.0
2022-12-22 00:00:00+05:30,462.0,466.45001220703125,445.0,450.1000061035156,2101608,0.0,0.0
2022-12-23 00:00:00+05:30,442.3500061035156,467.5,433.0,439.29998779296875,4388081,0.0,0.0
2022-12-26 00:00:00+05:30,448.0,471.95001220703125,440.0,456.8999938964844,1805425,0.0,0.0
2022-12-27 00:00:00+05:30,458.0,477.95001220703125,458.0,465.04998779296875,1813687,0.0,0.0
2022-12-28 00:00:00+05:30,466.04998779296875,474.6499938964844,458.25,460.6000061035156,1555868,0.0,0.0
2022-12-29 00:00:00+05:30,460.0,463.45001220703125,450.0,453.8999938964844,1141756,0.0,0.0
2022-12-30 00:00:00+05:30,459.70001220703125,462.20001220703125,442.3500061035156,448.29998779296875,938701,0.0,0.0
2023-01-02 00:00:00+05:30,451.0,455.5,447.79998779296875,452.1499938964844,860698,0.0,0.0
2023-01-03 00:00:00+05:30,455.0,456.70001220703125,446.1499938964844,453.8500061035156,973628,0.0,0.0
2023-01-04 00:00:00+05:30,451.0,454.95001220703125,446.04998779296875,452.6000061035156,707594,0.0,0.0
2023-01-05 00:00:00+05:30,452.0,472.8500061035156,449.1499938964844,464.8999938964844,2357522,0.0,0.0
2023-01-06 00:00:00+05:30,463.0,465.70001220703125,456.04998779296875,460.6000061035156,829112,0.0,0.0
2023-01-09 00:00:00+05:30,458.5,471.8500061035156,457.5,466.1000061035156,767914,0.0,0.0
2023-01-10 00:00:00+05:30,465.0,469.70001220703125,454.5,466.04998779296875,975925,0.0,0.0
2023-01-11 00:00:00+05:30,466.0,476.8999938964844,462.0,467.70001220703125,933792,0.0,0.0
2023-01-12 00:00:00+05:30,471.8999938964844,477.95001220703125,459.0,465.79998779296875,1322618,0.0,0.0
2023-01-13 00:00:00+05:30,468.0,468.20001220703125,461.0,464.29998779296875,351770,0.0,0.0
2023-01-16 00:00:00+05:30,464.29998779296875,467.5,449.04998779296875,450.79998779296875,542020,0.0,0.0
2023-01-17 00:00:00+05:30,451.95001220703125,455.29998779296875,438.04998779296875,441.95001220703125,1106941,0.0,0.0
2023-01-18 00:00:00+05:30,449.0,449.0,434.0,445.0,2116735,0.0,0.0
2023-01-19 00:00:00+05:30,445.04998779296875,457.95001220703125,436.8999938964844,438.75,753789,0.0,0.0
2023-01-20 00:00:00+05:30,440.1499938964844,443.8999938964844,432.0,434.3999938964844,1198308,0.0,0.0
2023-01-23 00:00:00+05:30,435.8999938964844,437.95001220703125,406.6000061035156,419.54998779296875,2174182,0.0,0.0
2023-01-24 00:00:00+05:30,421.6499938964844,426.20001220703125,412.8500061035156,420.6499938964844,1414819,0.0,0.0
2023-01-25 00:00:00+05:30,422.79998779296875,424.5,396.5,405.95001220703125,1582388,0.0,0.0
2023-01-27 00:00:00+05:30,405.95001220703125,409.79998779296875,395.0,401.5,917475,0.0,0.0
2023-01-30 00:00:00+05:30,399.8999938964844,424.45001220703125,395.45001220703125,420.3999938964844,1221074,0.0,0.0
2023-01-31 00:00:00+05:30,420.3999938964844,438.95001220703125,404.0,428.54998779296875,1252394,0.0,0.0
2023-02-01 00:00:00+05:30,427.95001220703125,432.0,390.70001220703125,402.45001220703125,2364947,0.0,0.0
2023-02-02 00:00:00+05:30,392.0,425.8999938964844,391.3999938964844,420.8999938964844,912435,0.0,0.0
2023-02-03 00:00:00+05:30,422.0,438.8999938964844,416.25,427.95001220703125,1486286,0.0,0.0
2023-02-06 00:00:00+05:30,427.75,444.3999938964844,425.04998779296875,442.1499938964844,772849,0.0,0.0
2023-02-07 00:00:00+05:30,439.95001220703125,458.0,438.5,451.5,1356987,0.0,0.0
2023-02-08 00:00:00+05:30,451.0,492.79998779296875,450.1000061035156,481.75,4488873,0.0,0.0
2023-02-09 00:00:00+05:30,482.25,520.0,475.0,510.29998779296875,6069534,0.0,0.0
2023-02-10 00:00:00+05:30,511.8999938964844,535.4000244140625,495.79998779296875,525.9000244140625,6080396,0.0,0.0
2023-02-13 00:00:00+05:30,530.0,545.9000244140625,511.29998779296875,526.1500244140625,7785779,0.0,0.0
2023-02-14 00:00:00+05:30,526.1500244140625,533.0499877929688,497.54998779296875,502.8500061035156,2213328,0.0,0.0
2023-02-15 00:00:00+05:30,497.95001220703125,508.70001220703125,490.6000061035156,496.45001220703125,1662947,0.0,0.0
2023-02-16 00:00:00+05:30,500.70001220703125,507.8500061035156,496.1000061035156,500.0,1353170,0.0,0.0
2023-02-17 00:00:00+05:30,498.45001220703125,506.0,481.0,484.79998779296875,1075257,0.0,0.0
2023-02-20 00:00:00+05:30,484.79998779296875,494.5,482.04998779296875,490.45001220703125,890856,0.0,0.0
2023-02-21 00:00:00+05:30,492.0,508.79998779296875,489.25,498.1000061035156,1061277,0.0,0.0
2023-02-22 00:00:00+05:30,499.0,524.9000244140625,487.5,516.4000244140625,3884825,0.0,0.0
2023-02-23 00:00:00+05:30,512.7000122070312,529.8499755859375,497.1499938964844,521.5499877929688,1991242,0.0,0.0
2023-02-24 00:00:00+05:30,521.5499877929688,586.0,521.0,576.7999877929688,11455996,0.0,0.0
2023-02-27 00:00:00+05:30,567.0,588.4000244140625,545.0999755859375,549.4000244140625,5034699,0.0,0.0
2023-02-28 00:00:00+05:30,551.5,570.7000122070312,545.2999877929688,558.25,2612326,0.0,0.0
2023-03-01 00:00:00+05:30,562.25,583.0,560.2000122070312,574.7000122070312,2176463,0.0,0.0
2023-03-02 00:00:00+05:30,571.9000244140625,575.7999877929688,548.25,561.7000122070312,1741060,0.0,0.0
2023-03-03 00:00:00+05:30,570.0,601.25,566.5499877929688,598.0499877929688,4307763,0.0,0.0
2023-03-06 00:00:00+05:30,605.0499877929688,616.7000122070312,592.0999755859375,595.2000122070312,3212131,0.0,0.0
2023-03-08 00:00:00+05:30,594.0,594.0,563.75,571.5499877929688,4272399,0.0,0.0
2023-03-09 00:00:00+05:30,574.4500122070312,577.4500122070312,564.0,567.9500122070312,1338689,0.0,0.0
2023-03-10 00:00:00+05:30,564.0,583.0,557.8499755859375,579.0499877929688,2999701,0.0,0.0
2023-03-13 00:00:00+05:30,575.0999755859375,589.9000244140625,558.0999755859375,567.0499877929688,2088372,0.0,0.0
2023-03-14 00:00:00+05:30,573.0,589.7000122070312,547.0499877929688,554.7999877929688,2945791,0.0,0.0
2023-03-15 00:00:00+05:30,563.0,579.9000244140625,557.0,564.25,1943368,0.0,0.0
2023-03-16 00:00:00+05:30,567.0499877929688,591.2999877929688,562.0999755859375,581.7999877929688,3083121,0.0,0.0
2023-03-17 00:00:00+05:30,588.9000244140625,607.2000122070312,581.0,588.75,9030654,0.0,0.0
2023-03-20 00:00:00+05:30,588.75,598.8499755859375,578.5499877929688,581.7999877929688,1997900,0.0,0.0
2023-03-21 00:00:00+05:30,587.0,597.0,581.0,589.0999755859375,1053555,0.0,0.0
2023-03-22 00:00:00+05:30,593.7999877929688,593.7999877929688,572.2000122070312,575.2999877929688,2690368,0.0,0.0
2023-03-23 00:00:00+05:30,579.0,594.2000122070312,576.5499877929688,580.2999877929688,1354790,0.0,0.0
2023-03-24 00:00:00+05:30,583.7999877929688,590.5499877929688,575.0,578.7000122070312,1023188,0.0,0.0
2023-03-27 00:00:00+05:30,582.0,584.25,572.5,580.7000122070312,1090003,0.0,0.0
2023-03-28 00:00:00+05:30,586.0,599.7000122070312,581.5,594.2999877929688,2222092,0.0,0.0
2023-03-29 00:00:00+05:30,594.2999877929688,629.7999877929688,586.5,623.8499755859375,2210413,0.0,0.0
2023-03-31 00:00:00+05:30,623.0,655.5999755859375,621.1500244140625,638.9000244140625,2198965,0.0,0.0
2023-04-03 00:00:00+05:30,641.5999755859375,646.9500122070312,612.1500244140625,622.7000122070312,1734011,0.0,0.0
2023-04-05 00:00:00+05:30,622.7000122070312,632.0,598.0,601.0999755859375,3313309,0.0,0.0
2023-04-06 00:00:00+05:30,603.9500122070312,609.9000244140625,590.75,593.5,1706637,0.0,0.0
2023-04-10 00:00:00+05:30,595.9000244140625,607.3499755859375,581.5999755859375,589.5999755859375,1082946,0.0,0.0
2023-04-11 00:00:00+05:30,592.0999755859375,613.9500122070312,591.0999755859375,596.7000122070312,3117575,0.0,0.0
2023-04-12 00:00:00+05:30,599.7999877929688,603.0,587.0,592.1500244140625,498068,0.0,0.0
2023-04-13 00:00:00+05:30,593.0,595.0999755859375,580.0999755859375,583.7000122070312,684726,0.0,0.0
2023-04-17 00:00:00+05:30,574.0,598.9000244140625,566.2999877929688,595.4500122070312,915266,0.0,0.0
2023-04-18 00:00:00+05:30,595.4500122070312,604.2999877929688,591.0,594.8499755859375,449873,0.0,0.0
2023-04-19 00:00:00+05:30,596.0,596.0,580.0,582.75,355458,0.0,0.0
2023-04-20 00:00:00+05:30,584.7999877929688,591.7000122070312,580.0,585.2000122070312,332047,0.0,0.0
2023-04-21 00:00:00+05:30,587.0,600.0,580.2999877929688,593.5999755859375,301176,0.0,0.0
2023-04-24 00:00:00+05:30,593.25,597.5,582.0499877929688,586.7999877929688,545824,0.0,0.0
2023-04-25 00:00:00+05:30,586.7999877929688,597.5999755859375,584.2000122070312,586.5,601984,0.0,0.0
2023-04-26 00:00:00+05:30,585.8499755859375,586.75,577.0,578.5999755859375,381859,0.0,0.0
2023-04-27 00:00:00+05:30,579.0,584.0,573.0,581.25,429510,0.0,0.0
2023-04-28 00:00:00+05:30,585.0499877929688,614.7999877929688,585.0,600.0999755859375,2929927,0.0,0.0
2023-05-02 00:00:00+05:30,601.9000244140625,606.9500122070312,593.1500244140625,595.9500122070312,802694,0.0,0.0
2023-05-03 00:00:00+05:30,594.0,601.6500244140625,586.0999755859375,598.25,703177,0.0,0.0
2023-05-04 00:00:00+05:30,594.0,608.5,594.0,597.1500244140625,884307,0.0,0.0
2023-05-05 00:00:00+05:30,596.0,602.7999877929688,583.5,596.8499755859375,535291,0.0,0.0
2023-05-08 00:00:00+05:30,599.0,617.9000244140625,595.0,614.5499877929688,2593240,0.0,0.0
2023-05-09 00:00:00+05:30,613.5499877929688,621.7000122070312,607.0,610.4500122070312,757346,0.0,0.0
2023-05-10 00:00:00+05:30,612.2999877929688,618.0,595.0499877929688,614.5,553571,0.0,0.0
2023-05-11 00:00:00+05:30,618.5,625.9000244140625,609.5499877929688,617.0999755859375,510475,0.0,0.0
2023-05-12 00:00:00+05:30,619.9000244140625,620.9500122070312,602.0,606.4500122070312,323807,0.0,0.0
2023-05-15 00:00:00+05:30,591.3499755859375,605.5,591.3499755859375,599.3499755859375,2483314,0.0,0.0
2023-05-16 00:00:00+05:30,599.0,631.1500244140625,599.0,627.5,1970686,0.0,0.0
2023-05-17 00:00:00+05:30,622.5,641.9000244140625,614.0999755859375,636.5499877929688,3036700,0.0,0.0
2023-05-18 00:00:00+05:30,632.0,644.0999755859375,628.1500244140625,633.7999877929688,1487041,0.0,0.0
2023-05-19 00:00:00+05:30,635.0,639.0499877929688,628.8499755859375,629.7000122070312,922072,0.0,0.0
2023-05-22 00:00:00+05:30,630.0,632.6500244140625,613.3499755859375,619.0999755859375,641501,0.0,0.0
2023-05-23 00:00:00+05:30,651.0,655.0,611.0,619.5499877929688,6076775,0.0,0.0
2023-05-24 00:00:00+05:30,611.0,625.5,611.0,622.9000244140625,2418173,0.0,0.0
2023-05-25 00:00:00+05:30,624.0,628.8499755859375,619.4000244140625,622.75,1172253,0.0,0.0
2023-05-26 00:00:00+05:30,605.0,613.9500122070312,600.0,604.9500122070312,4558279,0.0,0.0
2023-05-29 00:00:00+05:30,606.0,608.2000122070312,591.0,603.2000122070312,1607853,0.0,0.0
2023-05-30 00:00:00+05:30,604.7000122070312,604.7999877929688,595.0999755859375,599.5499877929688,1114218,0.0,0.0
2023-05-31 00:00:00+05:30,599.5,608.0,595.2000122070312,605.9500122070312,1533238,0.0,0.0
2023-06-01 00:00:00+05:30,605.0,612.5,595.25,598.5999755859375,628794,0.0,0.0
2023-06-02 00:00:00+05:30,600.0,602.0499877929688,588.0999755859375,594.0499877929688,966304,0.0,0.0
2023-06-05 00:00:00+05:30,593.0499877929688,608.75,589.25,599.8499755859375,2819384,0.0,0.0
2023-06-06 00:00:00+05:30,600.0499877929688,628.6500244140625,597.7000122070312,624.0499877929688,6010572,0.0,0.0
2023-06-07 00:00:00+05:30,632.2999877929688,666.0,630.3499755859375,643.7999877929688,4003979,0.0,0.0
2023-06-08 00:00:00+05:30,635.0999755859375,640.6500244140625,623.0999755859375,628.4500122070312,1887307,0.0,0.0
2023-06-09 00:00:00+05:30,629.4000244140625,630.0,609.0,616.2000122070312,1670086,0.0,0.0
2023-06-12 00:00:00+05:30,621.2000122070312,624.5,605.75,610.4500122070312,1353005,0.0,0.0
2023-06-13 00:00:00+05:30,614.9000244140625,646.0,613.6500244140625,636.75,6255095,0.0,0.0
2023-06-14 00:00:00+05:30,638.9500122070312,650.4000244140625,629.6500244140625,637.4000244140625,1586840,0.0,0.0
2023-06-15 00:00:00+05:30,632.5,674.9500122070312,626.0,644.8499755859375,4013660,0.0,0.0
2023-06-16 00:00:00+05:30,651.0,660.2000122070312,635.0,653.25,2124834,0.0,0.0
2023-06-19 00:00:00+05:30,653.25,671.0,651.5999755859375,661.5,1292331,0.0,0.0
2023-06-20 00:00:00+05:30,655.0,672.8499755859375,654.9000244140625,659.0499877929688,833473,0.0,0.0
2023-06-21 00:00:00+05:30,663.25,673.6500244140625,660.2000122070312,663.5999755859375,1661605,0.0,0.0
2023-06-22 00:00:00+05:30,663.9000244140625,665.75,649.0999755859375,657.2000122070312,1435167,0.0,0.0
2023-06-23 00:00:00+05:30,658.4500122070312,690.0,648.8499755859375,656.9500122070312,4207650,0.0,0.0
2023-06-26 00:00:00+05:30,660.4500122070312,708.0,660.4500122070312,698.5,5246194,0.0,0.0
2023-06-27 00:00:00+05:30,702.0,731.9000244140625,697.0,716.6500244140625,5150226,0.0,0.0
2023-06-28 00:00:00+05:30,721.7999877929688,721.7999877929688,688.5999755859375,693.0999755859375,2529197,0.0,0.0
2023-06-30 00:00:00+05:30,696.0,701.7999877929688,688.8499755859375,696.7999877929688,1933699,0.0,0.0
2023-07-03 00:00:00+05:30,696.5499877929688,698.8499755859375,683.9500122070312,688.75,1683794,0.0,0.0
2023-07-04 00:00:00+05:30,695.0,709.0,685.0,690.9000244140625,1309761,0.0,0.0
2023-07-05 00:00:00+05:30,687.1500244140625,702.0,687.1500244140625,691.5999755859375,1316315,0.0,0.0
2023-07-06 00:00:00+05:30,694.0,716.9000244140625,693.5999755859375,712.0499877929688,1200891,0.0,0.0
2023-07-07 00:00:00+05:30,711.9000244140625,711.9000244140625,699.2999877929688,702.3499755859375,777157,0.0,0.0
2023-07-10 00:00:00+05:30,704.5999755859375,707.9500122070312,695.75,700.5,1065601,0.0,0.0
2023-07-11 00:00:00+05:30,705.9500122070312,705.9500122070312,693.4000244140625,696.3499755859375,1754766,0.0,0.0
2023-07-12 00:00:00+05:30,701.5,742.4500122070312,696.5499877929688,734.4000244140625,2104350,0.0,0.0
2023-07-13 00:00:00+05:30,735.0,779.9000244140625,735.0,762.8499755859375,3169793,0.0,0.0
2023-07-14 00:00:00+05:30,759.9500122070312,761.5999755859375,733.4500122070312,741.8499755859375,1699668,0.0,0.0
2023-07-17 00:00:00+05:30,746.8499755859375,749.9000244140625,730.0,741.3499755859375,885175,0.0,0.0
2023-07-18 00:00:00+05:30,746.9500122070312,751.0999755859375,733.0499877929688,736.9500122070312,699996,0.0,0.0
2023-07-19 00:00:00+05:30,742.75,760.5999755859375,735.4500122070312,745.1500244140625,800478,0.0,0.0
2023-07-20 00:00:00+05:30,746.0,782.0,746.0,776.4500122070312,1579201,0.0,0.0
2023-07-21 00:00:00+05:30,769.4500122070312,769.4500122070312,748.9500122070312,754.2999877929688,913573,0.0,0.0
2023-07-24 00:00:00+05:30,754.4500122070312,758.5999755859375,732.4500122070312,744.8499755859375,791428,0.0,0.0
2023-07-25 00:00:00+05:30,755.9500122070312,755.9500122070312,711.4000244140625,718.5,797108,0.0,0.0
2023-07-26 00:00:00+05:30,719.9500122070312,731.8499755859375,697.0999755859375,712.25,1769165,0.0,0.0
2023-07-27 00:00:00+05:30,715.7999877929688,716.5999755859375,701.2000122070312,706.9000244140625,461360,0.0,0.0
2023-07-28 00:00:00+05:30,707.0,718.5,699.7999877929688,716.0499877929688,584590,0.0,0.0
2023-07-31 00:00:00+05:30,718.4500122070312,738.9000244140625,699.75,731.5499877929688,1989226,0.0,0.0
2023-08-01 00:00:00+05:30,735.0,768.0,725.5,763.9000244140625,1713410,0.0,0.0
2023-08-02 00:00:00+05:30,760.1500244140625,770.0,736.6500244140625,746.9000244140625,1396489,0.0,0.0
2023-08-03 00:00:00+05:30,748.0499877929688,752.9000244140625,714.2000122070312,721.5,631719,0.0,0.0
2023-08-04 00:00:00+05:30,730.9500122070312,788.7000122070312,728.25,781.0,3143664,0.0,0.0
2023-08-07 00:00:00+05:30,778.0999755859375,807.9500122070312,773.0499877929688,798.1500244140625,2340566,0.0,0.0
2023-08-08 00:00:00+05:30,818.0,818.0,749.0499877929688,760.1500244140625,5335222,0.0,0.0
2023-08-09 00:00:00+05:30,754.0,754.0,720.0499877929688,744.7999877929688,3983166,0.0,0.0
2023-08-10 00:00:00+05:30,745.0,754.9500122070312,727.2999877929688,731.2000122070312,805825,0.0,0.0
2023-08-11 00:00:00+05:30,739.4000244140625,750.0,715.0499877929688,727.4500122070312,1261387,0.0,0.0
2023-08-14 00:00:00+05:30,727.4500122070312,741.0,715.5499877929688,731.2999877929688,863531,0.0,0.0
2023-08-16 00:00:00+05:30,731.2999877929688,733.5499877929688,706.0,718.5999755859375,1323555,0.0,0.0
2023-08-17 00:00:00+05:30,722.0499877929688,734.0,709.0,710.1500244140625,1109054,0.0,0.0
2023-08-18 00:00:00+05:30,712.9000244140625,735.0,708.0,726.7999877929688,756133,0.0,0.0
2023-08-21 00:00:00+05:30,727.5,727.5,712.6500244140625,721.25,343025,0.0,0.0
2023-08-22 00:00:00+05:30,726.9000244140625,744.1500244140625,712.0499877929688,718.2000122070312,1348972,0.0,0.0
2023-08-23 00:00:00+05:30,726.5,749.8499755859375,723.5,741.5499877929688,1388930,0.0,0.0
2023-08-24 00:00:00+05:30,746.9500122070312,754.5,735.25,750.9500122070312,862203,0.0,0.0
2023-08-25 00:00:00+05:30,759.0,760.9000244140625,745.0,752.5,618039,0.0,0.0
2023-08-28 00:00:00+05:30,752.5,772.6500244140625,751.3499755859375,753.9000244140625,859721,0.0,0.0
2023-08-29 00:00:00+05:30,759.0,767.5999755859375,758.5,761.9500122070312,303940,0.0,0.0
2023-08-30 00:00:00+05:30,761.9000244140625,777.5,761.0999755859375,774.7999877929688,760591,0.0,0.0
2023-08-31 00:00:00+05:30,775.0499877929688,783.2000122070312,769.7000122070312,774.6500244140625,961268,0.0,0.0
2023-09-01 00:00:00+05:30,782.0,782.9500122070312,768.0,769.9000244140625,304865,0.0,0.0
2023-09-04 00:00:00+05:30,769.1500244140625,781.0,755.4500122070312,758.7000122070312,319288,0.0,0.0
2023-09-05 00:00:00+05:30,760.9500122070312,775.4000244140625,752.6500244140625,758.2999877929688,443582,0.0,0.0
2023-09-06 00:00:00+05:30,758.2999877929688,777.7999877929688,758.2999877929688,769.5999755859375,524249,0.0,0.0
2023-09-07 00:00:00+05:30,775.6500244140625,806.9000244140625,766.4500122070312,772.0499877929688,1388593,0.0,0.0
2023-09-08 00:00:00+05:30,775.9500122070312,806.0,775.5499877929688,799.25,1422798,0.0,0.0
2023-09-11 00:00:00+05:30,810.0,814.9000244140625,782.0,796.2000122070312,727165,0.0,0.0
2023-09-12 00:00:00+05:30,791.6500244140625,803.0,770.7000122070312,788.4000244140625,978554,0.0,0.0
2023-09-13 00:00:00+05:30,785.0,786.0,757.0,758.0,1207084,0.0,0.0
2023-09-14 00:00:00+05:30,758.5,775.3499755859375,758.5,766.4500122070312,776536,0.0,0.0
2023-09-15 00:00:00+05:30,773.7999877929688,799.9500122070312,763.2000122070312,772.2999877929688,2641026,0.0,0.0
2023-09-18 00:00:00+05:30,772.0,788.5499877929688,766.0,772.5499877929688,614008,0.0,0.0
2023-09-20 00:00:00+05:30,760.0,779.4500122070312,749.0499877929688,765.4500122070312,847508,0.0,0.0
2023-09-21 00:00:00+05:30,767.6500244140625,775.0,751.0,760.7999877929688,783195,0.0,0.0
2023-09-22 00:00:00+05:30,757.5,769.0499877929688,746.0499877929688,750.2000122070312,1009184,0.0,0.0
2023-09-25 00:00:00+05:30,753.9500122070312,759.9000244140625,725.1500244140625,742.25,2221590,0.0,0.0
2023-09-26 00:00:00+05:30,735.1500244140625,753.9000244140625,735.0,749.8499755859375,1137646,0.0,0.0
2023-09-27 00:00:00+05:30,749.7999877929688,759.0,735.25,742.7999877929688,1107078,0.0,0.0
2023-09-28 00:00:00+05:30,744.0999755859375,770.1500244140625,743.0,761.6500244140625,1062247,0.0,0.0
2023-09-29 00:00:00+05:30,761.75,779.5,759.0499877929688,765.25,431925,0.0,0.0
2023-10-03 00:00:00+05:30,762.0,769.4000244140625,755.9500122070312,760.4000244140625,595582,0.0,0.0
2023-10-04 00:00:00+05:30,759.0,764.9000244140625,754.4000244140625,758.7000122070312,818441,0.0,0.0
2023-10-05 00:00:00+05:30,760.0,777.0,758.7999877929688,767.0,973253,0.0,0.0
2023-10-06 00:00:00+05:30,767.0,775.0,760.0,761.9000244140625,1418483,0.0,0.0
2023-10-09 00:00:00+05:30,758.0,768.0,747.7000122070312,757.0999755859375,672327,0.0,0.0
2023-10-10 00:00:00+05:30,760.0,762.4500122070312,746.7000122070312,752.9500122070312,1385952,0.0,0.0
2023-10-11 00:00:00+05:30,758.25,758.25,736.2000122070312,747.8499755859375,1484589,0.0,0.0
2023-10-12 00:00:00+05:30,747.8499755859375,754.1500244140625,725.25,733.9000244140625,2105994,0.0,0.0
2023-10-13 00:00:00+05:30,733.0,741.3499755859375,720.0499877929688,738.5999755859375,997699,0.0,0.0
2023-10-16 00:00:00+05:30,739.0,745.9500122070312,728.0499877929688,738.5,1067495,0.0,0.0
2023-10-17 00:00:00+05:30,744.0,749.8499755859375,736.0,744.7000122070312,903461,0.0,0.0
2023-10-18 00:00:00+05:30,743.0,746.9500122070312,728.25,743.8499755859375,822534,0.0,0.0
2023-10-19 00:00:00+05:30,740.0,740.0,716.25,735.75,575973,0.0,0.0
2023-10-20 00:00:00+05:30,732.2000122070312,737.9000244140625,721.2000122070312,724.3499755859375,1004014,0.0,0.0
2023-10-23 00:00:00+05:30,716.5,725.0,666.2000122070312,700.4000244140625,1725806,0.0,0.0
2023-10-25 00:00:00+05:30,685.0,703.3499755859375,665.0999755859375,695.9000244140625,1659790,0.0,0.0
2023-10-26 00:00:00+05:30,676.3499755859375,687.2999877929688,661.2999877929688,672.25,1589636,0.0,0.0
2023-10-27 00:00:00+05:30,678.0,699.3499755859375,662.7999877929688,668.5499877929688,825172,0.0,0.0
2023-10-30 00:00:00+05:30,668.8499755859375,725.0,664.2999877929688,706.2999877929688,2603689,0.0,0.0
2023-10-31 00:00:00+05:30,701.5,716.2000122070312,697.0,700.7000122070312,1943244,0.0,0.0
2023-11-01 00:00:00+05:30,704.0,712.6500244140625,690.5999755859375,702.5,654341,0.0,0.0
2023-11-02 00:00:00+05:30,702.5,718.0,691.9000244140625,699.6500244140625,510952,0.0,0.0
2023-11-03 00:00:00+05:30,704.9500122070312,713.0,693.9000244140625,702.0499877929688,917690,0.0,0.0
2023-11-06 00:00:00+05:30,715.0,734.9000244140625,704.9000244140625,724.6500244140625,3307284,0.0,0.0
2023-11-07 00:00:00+05:30,720.0,746.3499755859375,706.7999877929688,714.4500122070312,2250538,0.0,0.0
2023-11-08 00:00:00+05:30,715.5499877929688,730.9000244140625,699.4500122070312,726.2000122070312,1349197,0.0,0.0
2023-11-09 00:00:00+05:30,729.0499877929688,739.9000244140625,720.0499877929688,731.1500244140625,1070975,0.0,0.0
2023-11-10 00:00:00+05:30,731.0,750.9500122070312,727.0,746.5499877929688,793607,0.0,0.0
2023-11-13 00:00:00+05:30,752.7999877929688,755.0499877929688,741.2000122070312,749.9000244140625,330964,0.0,0.0
2023-11-15 00:00:00+05:30,749.9500122070312,770.0,749.9500122070312,764.6500244140625,651155,0.0,0.0
2023-11-16 00:00:00+05:30,760.0,797.7000122070312,760.0,783.9000244140625,1717260,0.0,0.0
2023-11-17 00:00:00+05:30,783.0,809.0,775.2999877929688,802.7000122070312,1434117,0.0,0.0
2023-11-20 00:00:00+05:30,809.3499755859375,832.0,798.2000122070312,829.4500122070312,2127209,0.0,0.0
2023-11-21 00:00:00+05:30,835.6500244140625,846.5,805.5499877929688,816.8499755859375,2151939,0.0,0.0
2023-11-22 00:00:00+05:30,820.4500122070312,825.0,805.5499877929688,821.4000244140625,533754,0.0,0.0
2023-11-23 00:00:00+05:30,829.0,829.0,799.0,803.75,291016,0.0,0.0
2023-11-24 00:00:00+05:30,810.25,825.0,808.0,823.3499755859375,453876,0.0,0.0
2023-11-28 00:00:00+05:30,828.0,838.7999877929688,813.3499755859375,819.2000122070312,611177,0.0,0.0
2023-11-29 00:00:00+05:30,826.0,826.0,804.5,812.3499755859375,363655,0.0,0.0
2023-11-30 00:00:00+05:30,812.0,841.7000122070312,808.0,833.0499877929688,2271579,0.0,0.0
2023-12-01 00:00:00+05:30,829.0499877929688,873.5,823.3499755859375,861.2999877929688,1509734,0.0,0.0
2023-12-04 00:00:00+05:30,885.75,891.0,824.0,840.2000122070312,1031462,0.0,0.0
2023-12-05 00:00:00+05:30,836.5999755859375,846.7000122070312,815.5999755859375,821.9500122070312,828009,0.0,0.0
2023-12-06 00:00:00+05:30,822.0499877929688,850.0,818.0,843.6500244140625,1111132,0.0,0.0
2023-12-07 00:00:00+05:30,847.0,848.0,816.4000244140625,836.5,2398094,0.0,0.0
2023-12-08 00:00:00+05:30,825.0,852.5999755859375,811.7999877929688,818.9000244140625,2714442,0.0,0.0
2023-12-11 00:00:00+05:30,820.0,824.7000122070312,799.9000244140625,809.0499877929688,1671145,0.0,0.0
2023-12-12 00:00:00+05:30,810.0999755859375,811.0499877929688,767.0,798.25,1287622,0.0,0.0
2023-12-13 00:00:00+05:30,799.8499755859375,802.0,786.0999755859375,795.1500244140625,750410,0.0,0.0
2023-12-14 00:00:00+05:30,798.9000244140625,823.9000244140625,798.9000244140625,808.4000244140625,717511,0.0,0.0
2023-12-15 00:00:00+05:30,810.0,854.7999877929688,781.0499877929688,789.3499755859375,1266684,0.0,0.0
2023-12-18 00:00:00+05:30,796.4500122070312,804.7999877929688,787.25,800.8499755859375,1451834,0.0,0.0
2023-12-19 00:00:00+05:30,807.0,808.5499877929688,792.0499877929688,799.8499755859375,842100,0.0,0.0
2023-12-20 00:00:00+05:30,803.9000244140625,816.5999755859375,735.5499877929688,756.5999755859375,1428836,0.0,0.0
2023-12-21 00:00:00+05:30,744.3499755859375,778.7999877929688,725.25,761.2999877929688,2429269,0.0,0.0
2023-12-22 00:00:00+05:30,764.0,787.2999877929688,758.4000244140625,773.2999877929688,1381447,0.0,0.0
2023-12-26 00:00:00+05:30,777.6500244140625,811.7999877929688,777.2999877929688,790.5999755859375,850847,0.0,0.0
2023-12-27 00:00:00+05:30,794.0,811.5,776.1500244140625,784.1500244140625,843783,0.0,0.0
2023-12-28 00:00:00+05:30,781.0499877929688,788.0,763.0999755859375,784.1500244140625,966166,0.0,0.0
2023-12-29 00:00:00+05:30,784.2000122070312,808.7000122070312,783.5499877929688,794.6500244140625,1464694,0.0,0.0
2024-01-01 00:00:00+05:30,794.6500244140625,802.7000122070312,786.0,800.9000244140625,694439,0.0,0.0
2024-01-02 00:00:00+05:30,800.9500122070312,804.9000244140625,783.0,788.5999755859375,854345,0.0,0.0
2024-01-03 00:00:00+05:30,786.0,794.4500122070312,767.25,782.6500244140625,1253829,0.0,0.0
2024-01-04 00:00:00+05:30,789.0,795.7000122070312,779.9000244140625,783.7999877929688,229143,0.0,0.0
2024-01-05 00:00:00+05:30,784.0999755859375,803.6500244140625,784.0999755859375,798.7999877929688,875428,0.0,0.0
2024-01-08 00:00:00+05:30,805.0,825.0,800.25,812.6500244140625,1169762,0.0,0.0
2024-01-09 00:00:00+05:30,821.7999877929688,827.1500244140625,810.1500244140625,822.25,614074,0.0,0.0
2024-01-10 00:00:00+05:30,822.25,833.0,807.0999755859375,828.1500244140625,1031631,0.0,0.0
2024-01-11 00:00:00+05:30,825.3499755859375,838.25,824.7000122070312,833.4500122070312,689897,0.0,0.0
2024-01-12 00:00:00+05:30,830.0,857.0,826.1500244140625,852.0499877929688,667069,0.0,0.0
2024-01-15 00:00:00+05:30,852.0499877929688,852.0499877929688,852.0499877929688,852.0499877929688,0,0.0,0.0
2024-01-16 00:00:00+05:30,863.0,892.9000244140625,859.0,881.8499755859375,2258184,0.0,0.0
2024-01-17 00:00:00+05:30,875.0,898.9000244140625,862.9500122070312,879.0499877929688,2185056,0.0,0.0
2024-01-18 00:00:00+05:30,876.9000244140625,876.9000244140625,842.0,862.9500122070312,801476,0.0,0.0
2024-01-19 00:00:00+05:30,865.0,904.4000244140625,862.4000244140625,897.0,950221,0.0,0.0
2024-01-23 00:00:00+05:30,869.7000122070312,933.5,845.0,860.2000122070312,1963968,0.0,0.0
2024-01-24 00:00:00+05:30,859.2999877929688,930.0,859.0,922.9500122070312,1109910,0.0,0.0
2024-01-25 00:00:00+05:30,916.0999755859375,917.9500122070312,881.5499877929688,888.1500244140625,892138,0.0,0.0
2024-01-29 00:00:00+05:30,900.0,908.5499877929688,889.9500122070312,900.0999755859375,819526,0.0,0.0
2024-01-30 00:00:00+05:30,903.75,926.0,897.0999755859375,909.25,1016517,0.0,0.0
2024-01-31 00:00:00+05:30,958.9000244140625,1045.300048828125,950.0,1002.4000244140625,11393383,0.0,0.0
2024-02-01 00:00:00+05:30,1030.0,1048.0,983.2999877929688,997.7999877929688,2887518,0.0,0.0
2024-02-02 00:00:00+05:30,997.5,1007.6500244140625,962.2999877929688,981.25,3103717,0.0,0.0
2024-02-05 00:00:00+05:30,981.25,986.6500244140625,956.2999877929688,964.7000122070312,1714997,0.0,0.0
2024-02-06 00:00:00+05:30,966.2000122070312,973.7000122070312,852.0,909.2000122070312,8912365,0.0,0.0
2024-02-07 00:00:00+05:30,890.0,924.0,890.0,915.4000244140625,2370592,0.0,0.0
2024-02-08 00:00:00+05:30,915.5999755859375,924.7000122070312,896.0499877929688,919.3499755859375,1063090,0.0,0.0
2024-02-09 00:00:00+05:30,910.0,943.0,902.7000122070312,933.5999755859375,908009,0.0,0.0
2024-02-12 00:00:00+05:30,941.0499877929688,967.0,930.0499877929688,939.9500122070312,1030185,0.0,0.0
2024-02-13 00:00:00+05:30,940.0499877929688,958.0,911.1500244140625,927.9500122070312,1075804,0.0,0.0
2024-02-14 00:00:00+05:30,928.0,950.0,907.2000122070312,941.25,1108571,0.0,0.0
2024-02-15 00:00:00+05:30,941.25,969.9000244140625,922.8499755859375,939.2999877929688,1704307,0.0,0.0
2024-02-16 00:00:00+05:30,941.0499877929688,965.8499755859375,923.0,931.2999877929688,850621,0.0,0.0
2024-02-19 00:00:00+05:30,985.4000244140625,1029.8499755859375,972.0,1000.8499755859375,5143281,0.0,0.0
2024-02-20 00:00:00+05:30,1004.6500244140625,1004.6500244140625,979.0,996.2000122070312,1121846,0.0,0.0
2024-02-21 00:00:00+05:30,994.9500122070312,1010.0,965.0,977.9000244140625,630302,0.0,0.0
2024-02-22 00:00:00+05:30,979.9000244140625,1025.9000244140625,960.3499755859375,1021.6500244140625,2591455,0.0,0.0
2024-02-23 00:00:00+05:30,1018.0,1053.4000244140625,1001.6500244140625,1024.949951171875,2697962,0.0,0.0
2024-02-26 00:00:00+05:30,1022.4000244140625,1135.0,1017.5499877929688,1098.8499755859375,5565651,0.0,0.0
2024-02-27 00:00:00+05:30,1094.300048828125,1161.5,1069.050048828125,1135.449951171875,2330957,0.0,0.0
2024-02-28 00:00:00+05:30,1146.800048828125,1177.0,1113.050048828125,1161.699951171875,2804836,0.0,0.0
2024-02-29 00:00:00+05:30,1169.0,1180.0,1139.0,1167.4000244140625,2265124,0.0,0.0
2024-03-01 00:00:00+05:30,1150.0,1160.9000244140625,1103.050048828125,1119.75,1993885,0.0,0.0
2024-03-04 00:00:00+05:30,1120.9000244140625,1153.0,1100.5,1106.0,1060115,0.0,0.0
2024-03-05 00:00:00+05:30,1108.0999755859375,1127.5,1055.050048828125,1061.699951171875,2450672,0.0,0.0
2024-03-06 00:00:00+05:30,1065.6500244140625,1081.4000244140625,1050.800048828125,1067.949951171875,1416647,0.0,0.0
2024-03-07 00:00:00+05:30,1066.199951171875,1108.0,1048.0,1101.5,2255852,0.0,0.0
2024-03-11 00:00:00+05:30,1110.949951171875,1150.0,1076.0,1122.0999755859375,2151038,0.0,0.0
2024-03-12 00:00:00+05:30,1116.9000244140625,1155.0,1095.3499755859375,1124.0999755859375,4541569,0.0,0.0
2024-03-13 00:00:00+05:30,1129.9000244140625,1152.9000244140625,1035.050048828125,1075.6500244140625,2923830,0.0,0.0
2024-03-14 00:00:00+05:30,1063.0,1145.0,1050.699951171875,1138.199951171875,2119244,0.0,0.0
2024-03-15 00:00:00+05:30,1140.0,1141.0,1084.199951171875,1099.800048828125,1443781,0.0,0.0
2024-03-18 00:00:00+05:30,1099.800048828125,1158.0,1094.0,1134.8499755859375,2857316,0.0,0.0
2024-03-19 00:00:00+05:30,1133.0,1133.0,1095.1500244140625,1098.5999755859375,1172039,0.0,0.0
2024-03-20 00:00:00+05:30,1098.5999755859375,1125.0,1090.0,1114.199951171875,1005618,0.0,0.0
2024-03-21 00:00:00+05:30,1120.949951171875,1151.0,1120.949951171875,1139.4000244140625,1973422,0.0,0.0
2024-03-22 00:00:00+05:30,1135.0,1166.8499755859375,1118.050048828125,1152.0999755859375,1322362,0.0,0.0
2024-03-26 00:00:00+05:30,1160.5999755859375,1210.949951171875,1124.0,1143.5,2091811,0.0,0.0
2024-03-27 00:00:00+05:30,1145.0,1152.0,1101.050048828125,1107.25,2142011,0.0,0.0
2024-03-28 00:00:00+05:30,1122.199951171875,1131.550048828125,1102.199951171875,1124.25,1129272,0.0,0.0
2024-04-01 00:00:00+05:30,1124.25,1183.0,1108.050048828125,1172.199951171875,1308850,0.0,0.0
2024-04-02 00:00:00+05:30,1179.0,1204.949951171875,1161.1500244140625,1167.800048828125,1972586,0.0,0.0
2024-04-03 00:00:00+05:30,1164.050048828125,1196.0,1150.5999755859375,1190.699951171875,1146968,0.0,0.0
2024-04-04 00:00:00+05:30,1199.0,1255.0,1181.699951171875,1231.199951171875,1959796,0.0,0.0
2024-04-05 00:00:00+05:30,1232.0,1287.699951171875,1223.949951171875,1278.300048828125,2469457,0.0,0.0
2024-04-08 00:00:00+05:30,1274.050048828125,1307.25,1270.050048828125,1285.25,2253288,0.0,0.0
2024-04-09 00:00:00+05:30,1295.25,1330.0,1272.050048828125,1303.050048828125,2083395,0.0,0.0
2024-04-10 00:00:00+05:30,1351.0,1400.3499755859375,1308.0,1331.5999755859375,3436007,0.0,0.0
2024-04-12 00:00:00+05:30,1339.75,1339.75,1256.0999755859375,1264.1500244140625,3026942,0.0,0.0
2024-04-15 00:00:00+05:30,1211.0,1249.9000244140625,1185.300048828125,1228.800048828125,2636356,0.0,0.0
2024-04-16 00:00:00+05:30,1215.0,1255.9000244140625,1202.449951171875,1230.0999755859375,1401420,0.0,0.0
2024-04-18 00:00:00+05:30,1230.0999755859375,1247.9000244140625,1205.0999755859375,1214.5,1419344,0.0,0.0
2024-04-19 00:00:00+05:30,1201.0,1213.699951171875,1180.25,1197.449951171875,1287456,0.0,0.0
2024-04-22 00:00:00+05:30,1221.8499755859375,1221.8499755859375,1192.949951171875,1201.699951171875,1147140,0.0,0.0
2024-04-23 00:00:00+05:30,1214.949951171875,1214.949951171875,1178.0,1191.6500244140625,2265085,0.0,0.0
2024-04-24 00:00:00+05:30,1202.0,1239.1500244140625,1192.6500244140625,1227.800048828125,1056137,0.0,0.0
2024-04-25 00:00:00+05:30,1228.0,1274.9000244140625,1212.3499755859375,1262.949951171875,1876111,0.0,0.0
2024-04-26 00:00:00+05:30,1275.0,1275.0,1218.75,1257.699951171875,1302882,0.0,0.0
2024-04-29 00:00:00+05:30,1240.0,1277.4000244140625,1227.300048828125,1238.5999755859375,1210908,0.0,0.0
2024-04-30 00:00:00+05:30,1244.8499755859375,1277.949951171875,1240.300048828125,1264.9000244140625,1053777,0.0,0.0
2024-05-02 00:00:00+05:30,1264.949951171875,1318.0,1255.449951171875,1292.0999755859375,2035177,0.0,0.0
2024-05-03 00:00:00+05:30,1301.5,1310.699951171875,1254.050048828125,1293.8499755859375,874727,0.0,0.0
2024-05-06 00:00:00+05:30,1293.8499755859375,1301.199951171875,1246.4000244140625,1282.9000244140625,816820,0.0,0.0
2024-05-07 00:00:00+05:30,1282.9000244140625,1293.9000244140625,1231.449951171875,1243.800048828125,1029011,0.0,0.0
2024-05-08 00:00:00+05:30,1225.0,1279.800048828125,1159.050048828125,1243.550048828125,4688486,0.0,0.0
2024-05-09 00:00:00+05:30,1249.0,1265.5,1214.300048828125,1233.4000244140625,1803308,0.0,0.0
2024-05-10 00:00:00+05:30,1233.4000244140625,1244.5,1190.0999755859375,1202.25,1235977,0.0,0.0
2024-05-13 00:00:00+05:30,1213.300048828125,1254.1500244140625,1192.6500244140625,1246.5,1309581,0.0,0.0
2024-05-14 00:00:00+05:30,1245.0,1301.699951171875,1225.050048828125,1229.4000244140625,1188778,0.0,0.0
2024-05-15 00:00:00+05:30,1235.0,1305.0999755859375,1233.0,1271.6500244140625,2823297,0.0,0.0
2024-05-16 00:00:00+05:30,1273.0,1348.0,1258.050048828125,1338.25,1875538,0.0,0.0
2024-05-17 00:00:00+05:30,1340.0,1354.949951171875,1293.300048828125,1326.25,2406951,0.0,0.0
2024-05-21 00:00:00+05:30,1375.0,1375.0,1268.0,1286.300048828125,2078024,0.0,0.0
2024-05-22 00:00:00+05:30,1292.0,1323.800048828125,1257.800048828125,1293.6500244140625,1929384,0.0,0.0
2024-05-23 00:00:00+05:30,1293.5999755859375,1295.949951171875,1255.0,1265.5,1577188,0.0,0.0
2024-05-24 00:00:00+05:30,1263.0,1289.9000244140625,1231.199951171875,1275.6500244140625,2196283,0.0,0.0
2024-05-27 00:00:00+05:30,1277.300048828125,1287.0999755859375,1237.9000244140625,1252.199951171875,2069936,0.0,0.0
2024-05-28 00:00:00+05:30,1235.0,1238.949951171875,1190.0,1201.8499755859375,8964786,0.0,0.0
2024-05-29 00:00:00+05:30,1194.949951171875,1198.300048828125,1161.300048828125,1180.300048828125,2674260,0.0,0.0
2024-05-30 00:00:00+05:30,1180.0,1219.5999755859375,1174.4000244140625,1190.0,3222504,0.0,0.0
2024-05-31 00:00:00+05:30,1225.0,1345.0,1194.199951171875,1294.4000244140625,38766409,0.0,0.0
2024-06-03 00:00:00+05:30,1292.9000244140625,1328.8499755859375,1277.4000244140625,1284.75,1246729,0.0,0.0
2024-06-04 00:00:00+05:30,1285.5,1297.949951171875,1193.050048828125,1240.449951171875,2567311,0.0,0.0
2024-06-05 00:00:00+05:30,1259.050048828125,1312.0,1227.199951171875,1293.3499755859375,1638056,0.0,0.0
2024-06-06 00:00:00+05:30,1293.3499755859375,1360.5,1259.699951171875,1289.3499755859375,4490960,0.0,0.0
2024-06-07 00:00:00+05:30,1271.0,1302.550048828125,1252.75,1292.0999755859375,1021648,0.0,0.0
2024-06-10 00:00:00+05:30,1294.0,1332.0999755859375,1282.449951171875,1293.75,1159150,0.0,0.0
2024-06-11 00:00:00+05:30,1290.0,1317.449951171875,1283.0,1299.449951171875,562593,0.0,0.0
2024-06-12 00:00:00+05:30,1314.8499755859375,1328.0,1295.0,1311.550048828125,625482,0.0,0.0
2024-06-13 00:00:00+05:30,1328.0,1349.75,1306.4000244140625,1316.5999755859375,546196,0.0,0.0
2024-06-14 00:00:00+05:30,1325.0,1378.699951171875,1304.9000244140625,1372.050048828125,1475020,0.0,0.0
2024-06-18 00:00:00+05:30,1386.25,1404.5,1351.75,1365.1500244140625,826217,0.0,0.0
2024-06-19 00:00:00+05:30,1379.8499755859375,1379.8499755859375,1331.050048828125,1354.0999755859375,902996,0.0,0.0
2024-06-20 00:00:00+05:30,1354.0999755859375,1370.0,1345.550048828125,1355.0,795109,0.0,0.0
2024-06-21 00:00:00+05:30,1360.0,1366.300048828125,1322.0,1335.199951171875,1187004,0.0,0.0
2024-06-24 00:00:00+05:30,1340.75,1342.4000244140625,1273.050048828125,1285.050048828125,955142,0.0,0.0
2024-06-25 00:00:00+05:30,1288.800048828125,1335.0,1272.800048828125,1326.300048828125,1311446,0.0,0.0
2024-06-26 00:00:00+05:30,1330.0,1361.1500244140625,1316.8499755859375,1345.199951171875,1799720,0.0,0.0
2024-06-27 00:00:00+05:30,1379.449951171875,1415.0,1360.25,1384.0999755859375,4899306,0.0,0.0
2024-06-28 00:00:00+05:30,1395.4000244140625,1458.0,1384.0999755859375,1397.25,2642033,0.0,0.0
2024-07-01 00:00:00+05:30,1400.199951171875,1543.0,1400.199951171875,1517.1500244140625,3895938,0.0,0.0
2024-07-02 00:00:00+05:30,1516.75,1516.75,1461.050048828125,1485.6500244140625,2134391,0.0,0.0
2024-07-03 00:00:00+05:30,1487.5,1488.6500244140625,1430.050048828125,1462.75,1095139,0.0,0.0
2024-07-04 00:00:00+05:30,1472.0,1472.0,1405.550048828125,1420.25,2532801,0.0,0.0
2024-07-05 00:00:00+05:30,1411.300048828125,1420.300048828125,1375.0,1379.449951171875,826222,0.0,0.0
2024-07-08 00:00:00+05:30,1381.1500244140625,1438.4000244140625,1380.300048828125,1410.9000244140625,1550003,0.0,0.0
2024-07-09 00:00:00+05:30,1423.949951171875,1435.0,1408.949951171875,1425.0999755859375,516323,0.0,0.0
2024-07-10 00:00:00+05:30,1426.1500244140625,1438.800048828125,1362.550048828125,1420.5999755859375,672931,0.0,0.0
2024-07-11 00:00:00+05:30,1419.0,1475.0,1415.4000244140625,1470.8499755859375,1360719,0.0,0.0
2024-07-12 00:00:00+05:30,1468.0,1474.0,1419.25,1464.199951171875,697745,0.0,0.0
2024-07-15 00:00:00+05:30,1464.199951171875,1487.0,1429.5999755859375,1442.9000244140625,665275,0.0,0.0
2024-07-16 00:00:00+05:30,1443.0,1448.800048828125,1404.300048828125,1422.550048828125,734692,0.0,0.0
2024-07-18 00:00:00+05:30,1422.5,1482.0,1386.0,1454.5999755859375,762255,0.0,0.0
2024-07-19 00:00:00+05:30,1452.0,1454.550048828125,1400.0,1413.050048828125,519367,0.0,0.0
2024-07-22 00:00:00+05:30,1423.699951171875,1475.0,1394.1500244140625,1465.800048828125,770848,0.0,0.0
2024-07-23 00:00:00+05:30,1465.0,1473.0,1434.050048828125,1450.300048828125,543452,0.0,0.0
2024-07-24 00:00:00+05:30,1428.550048828125,1510.199951171875,1415.300048828125,1497.75,1159657,0.0,0.0
2024-07-25 00:00:00+05:30,1480.75,1490.050048828125,1454.0999755859375,1476.050048828125,291915,0.0,0.0
2024-07-26 00:00:00+05:30,1475.199951171875,1512.0,1466.0,1498.9000244140625,359770,0.0,0.0
2024-07-29 00:00:00+05:30,1499.0,1521.699951171875,1466.449951171875,1493.25,1019431,0.0,0.0
2024-07-30 00:00:00+05:30,1484.0,1497.3499755859375,1450.0,1456.199951171875,603034,0.0,0.0
2024-07-31 00:00:00+05:30,1460.050048828125,1485.0,1439.5999755859375,1453.0,743445,0.0,0.0
2024-08-01 00:00:00+05:30,1458.6500244140625,1465.3499755859375,1424.199951171875,1441.25,1764030,0.0,0.0
2024-08-02 00:00:00+05:30,1430.1500244140625,1510.0,1430.0999755859375,1500.800048828125,1001534,0.0,0.0
2024-08-05 00:00:00+05:30,1484.449951171875,1518.949951171875,1429.1500244140625,1473.5,1205266,0.0,0.0
2024-08-06 00:00:00+05:30,1486.449951171875,1528.0,1416.0,1434.8499755859375,1062147,0.0,0.0
2024-08-07 00:00:00+05:30,1512.0,1551.949951171875,1432.0,1513.5,2670502,0.0,0.0
2024-08-08 00:00:00+05:30,1510.0,1510.0,1455.0,1476.0,1006758,0.0,0.0
2024-08-09 00:00:00+05:30,1489.949951171875,1489.949951171875,1432.199951171875,1462.449951171875,987790,0.0,0.0
2024-08-12 00:00:00+05:30,1435.0,1462.4000244140625,1421.300048828125,1428.0999755859375,1000263,0.0,0.0
2024-08-13 00:00:00+05:30,1449.3499755859375,1490.0,1437.9000244140625,1482.6500244140625,911312,0.0,0.0
2024-08-14 00:00:00+05:30,1484.050048828125,1709.949951171875,1484.050048828125,1574.050048828125,10969737,0.0,0.0
2024-08-16 00:00:00+05:30,1585.0,1700.0,1562.050048828125,1691.949951171875,3054093,0.0,0.0
2024-08-19 00:00:00+05:30,1703.8499755859375,1703.8499755859375,1590.1500244140625,1652.5,2067265,0.0,0.0
2024-08-20 00:00:00+05:30,1653.0,1763.199951171875,1643.050048828125,1661.050048828125,2188330,0.0,0.0
2024-08-21 00:00:00+05:30,1680.0,1700.800048828125,1671.050048828125,1683.550048828125,931841,0.0,0.0
2024-08-22 00:00:00+05:30,1685.0,1706.0,1656.949951171875,1696.050048828125,645564,0.0,0.0
2024-08-23 00:00:00+05:30,1704.550048828125,1726.0999755859375,1675.0,1685.949951171875,674244,0.0,0.0
2024-08-26 00:00:00+05:30,1701.0999755859375,1849.9000244140625,1670.050048828125,1819.3499755859375,2525922,0.0,0.0
2024-08-27 00:00:00+05:30,1803.050048828125,1803.050048828125,1767.0999755859375,1777.949951171875,1082557,0.0,0.0
2024-08-28 00:00:00+05:30,1782.3499755859375,1782.8499755859375,1726.0,1737.9000244140625,701465,0.0,0.0
2024-08-29 00:00:00+05:30,1780.0,1797.0,1718.0,1726.550048828125,1921009,0.0,0.0
2024-08-30 00:00:00+05:30,1749.1500244140625,1810.0,1698.0,1772.25,2607086,0.0,0.0
2024-09-02 00:00:00+05:30,1783.0,1783.5,1719.0,1749.5,1043919,0.0,0.0
2024-09-03 00:00:00+05:30,1735.050048828125,1743.449951171875,1712.449951171875,1718.75,1667552,0.0,0.0
2024-09-04 00:00:00+05:30,1718.75,1748.75,1709.0999755859375,1729.550048828125,1194203,0.0,0.0
2024-09-05 00:00:00+05:30,1728.0,1755.0,1716.199951171875,1720.75,759833,0.0,0.0
2024-09-06 00:00:00+05:30,1721.75,1739.0,1710.9000244140625,1715.0,420041,0.0,0.0
2024-09-09 00:00:00+05:30,1715.0,1760.0,1680.550048828125,1741.199951171875,627026,0.0,0.0
2024-09-10 00:00:00+05:30,1751.0,1776.699951171875,1735.050048828125,1745.1500244140625,609220,0.0,0.0
2024-09-11 00:00:00+05:30,1753.0,1792.9000244140625,1738.550048828125,1782.6500244140625,1011015,0.0,0.0
2024-09-12 00:00:00+05:30,1800.0,1835.0,1781.449951171875,1812.75,826262,0.0,0.0
2024-09-13 00:00:00+05:30,1836.800048828125,1837.300048828125,1804.0,1814.0999755859375,772939,0.0,0.0
2024-09-16 00:00:00+05:30,1839.25,1839.25,1751.8499755859375,1797.199951171875,664916,0.0,0.0
2024-09-17 00:00:00+05:30,1801.0,1871.4000244140625,1776.4000244140625,1848.5,1671977,0.0,0.0
2024-09-18 00:00:00+05:30,1835.0,1885.0,1798.949951171875,1805.5999755859375,719866,0.0,0.0
2024-09-19 00:00:00+05:30,1839.5,1900.0,1821.4000244140625,1877.449951171875,1711588,0.0,0.0
2024-09-20 00:00:00+05:30,1864.0,1966.5,1855.0,1931.449951171875,1787519,0.0,0.0
2024-09-23 00:00:00+05:30,1930.300048828125,1932.25,1885.0,1920.4000244140625,785448,0.0,0.0
2024-09-24 00:00:00+05:30,1933.9000244140625,1933.9000244140625,1796.75,1838.75,1693004,0.0,0.0
2024-09-25 00:00:00+05:30,1830.0,1830.0,1685.0,1722.050048828125,3892371,0.0,0.0
2024-09-26 00:00:00+05:30,1722.0,1750.0,1545.050048828125,1685.9000244140625,10662189,0.0,0.0
2024-09-27 00:00:00+05:30,1718.800048828125,1740.0,1600.0,1640.800048828125,4251091,0.0,0.0
2024-09-30 00:00:00+05:30,1660.0,1713.699951171875,1603.199951171875,1619.949951171875,5179483,0.0,0.0
2024-10-01 00:00:00+05:30,1645.0,1740.0,1595.4000244140625,1730.449951171875,4776243,0.0,0.0
2024-10-03 00:00:00+05:30,1724.0,1779.0,1693.75,1706.9000244140625,2436688,0.0,0.0
2024-10-04 00:00:00+05:30,1699.949951171875,1726.449951171875,1631.4000244140625,1713.550048828125,1808106,0.0,0.0
2024-10-07 00:00:00+05:30,1705.0,1747.800048828125,1681.550048828125,1690.75,1582055,0.0,0.0
2024-10-08 00:00:00+05:30,1675.0,1681.0,1646.4000244140625,1661.550048828125,2869109,0.0,0.0
2024-10-09 00:00:00+05:30,1667.0,1688.6500244140625,1641.25,1655.199951171875,763358,0.0,0.0
2024-10-10 00:00:00+05:30,1690.0,1690.0,1615.6500244140625,1631.9000244140625,1709381,0.0,0.0
2024-10-11 00:00:00+05:30,1631.9000244140625,1656.0,1605.0,1639.050048828125,1109869,0.0,0.0
2024-10-14 00:00:00+05:30,1654.0,1673.8499755859375,1642.449951171875,1652.6500244140625,2282889,0.0,0.0
2024-10-15 00:00:00+05:30,1652.75,1687.949951171875,1652.0,1676.1500244140625,1009190,0.0,0.0
2024-10-16 00:00:00+05:30,1676.0,1719.949951171875,1676.0,1704.550048828125,731981,0.0,0.0
2024-10-17 00:00:00+05:30,1700.0,1730.0,1671.050048828125,1685.050048828125,1063409,0.0,0.0
2024-10-18 00:00:00+05:30,1680.0,1710.0,1654.800048828125,1683.5999755859375,674150,0.0,0.0
2024-10-21 00:00:00+05:30,1689.9000244140625,1702.699951171875,1632.5999755859375,1675.9000244140625,1119617,0.0,0.0
2024-10-22 00:00:00+05:30,1688.4000244140625,1702.449951171875,1610.0999755859375,1621.5,724686,0.0,0.0
2024-10-23 00:00:00+05:30,1621.5,1710.0,1605.300048828125,1640.300048828125,990313,0.0,0.0
2024-10-24 00:00:00+05:30,1648.0,1669.0999755859375,1610.25,1647.300048828125,413123,0.0,0.0
2024-10-25 00:00:00+05:30,1639.5,1656.800048828125,1615.550048828125,1639.75,756828,0.0,0.0
2024-10-28 00:00:00+05:30,1639.0,1674.9000244140625,1626.949951171875,1661.8499755859375,456811,0.0,0.0
2024-10-29 00:00:00+05:30,1664.5,1720.0,1633.550048828125,1704.9000244140625,647355,0.0,0.0
2024-10-30 00:00:00+05:30,1692.0,1719.9000244140625,1649.25,1703.4000244140625,783012,0.0,0.0
2024-10-31 00:00:00+05:30,1691.0,1714.0,1661.0,1701.1500244140625,614924,0.0,0.0
2024-11-01 00:00:00+05:30,1716.949951171875,1717.0,1701.199951171875,1706.300048828125,31497,0.0,0.0
2024-11-04 00:00:00+05:30,1706.800048828125,1725.0,1664.1500244140625,1714.5,892716,0.0,0.0
2024-11-05 00:00:00+05:30,1700.5,1712.050048828125,1600.6500244140625,1641.949951171875,2087823,0.0,0.0
2024-11-06 00:00:00+05:30,1695.0,1695.949951171875,1596.5999755859375,1663.300048828125,3336155,0.0,0.0
2024-11-07 00:00:00+05:30,1663.300048828125,1764.75,1654.949951171875,1739.0,2433199,0.0,0.0
2024-11-08 00:00:00+05:30,1739.0,1739.0,1664.9000244140625,1678.699951171875,625061,0.0,0.0
2024-11-11 00:00:00+05:30,1663.0999755859375,1699.0999755859375,1653.0,1666.5,340568,0.0,0.0
2024-11-12 00:00:00+05:30,1679.9000244140625,1711.0,1661.0,1685.0999755859375,478459,0.0,0.0
2024-11-13 00:00:00+05:30,1685.0999755859375,1690.050048828125,1625.050048828125,1632.8499755859375,476493,0.0,0.0
2024-11-14 00:00:00+05:30,1636.0999755859375,1745.0,1636.0999755859375,1724.5,1346952,0.0,0.0
2024-11-18 00:00:00+05:30,1683.8499755859375,1807.699951171875,1675.550048828125,1719.8499755859375,1402978,0.0,0.0
2024-11-19 00:00:00+05:30,1751.0,1753.9000244140625,1691.0999755859375,1712.6500244140625,939422,0.0,0.0
2024-11-21 00:00:00+05:30,1742.5,1770.0,1680.0,1724.949951171875,892569,0.0,0.0
2024-11-22 00:00:00+05:30,1725.0,1752.9000244140625,1672.300048828125,1729.25,625706,0.0,0.0
2024-11-25 00:00:00+05:30,1763.0,1819.0,1712.4000244140625,1806.300048828125,4395079,0.0,0.0
2024-11-26 00:00:00+05:30,1811.0,1865.0,1784.050048828125,1850.800048828125,839786,0.0,0.0
2024-11-27 00:00:00+05:30,1850.800048828125,1865.0,1806.699951171875,1843.9000244140625,868323,0.0,0.0
2024-11-28 00:00:00+05:30,1828.199951171875,1912.9000244140625,1790.050048828125,1878.8499755859375,1572269,0.0,0.0
2024-11-29 00:00:00+05:30,1854.0,1920.199951171875,1830.0,1893.9000244140625,1340040,0.0,0.0
2024-12-02 00:00:00+05:30,1888.4000244140625,2005.0,1848.1500244140625,1945.0999755859375,1249088,0.0,0.0
2024-12-03 00:00:00+05:30,2000.0,2015.0999755859375,1876.0,1926.25,2954528,0.0,0.0
2024-12-04 00:00:00+05:30,1940.0,2018.8499755859375,1914.949951171875,2004.699951171875,1896974,0.0,0.0
2024-12-05 00:00:00+05:30,2018.800048828125,2049.0,1984.5999755859375,2017.4000244140625,2075271,0.0,0.0
2024-12-06 00:00:00+05:30,2025.0,2150.0,2013.9000244140625,2142.300048828125,3433089,0.0,0.0
2024-12-09 00:00:00+05:30,2117.449951171875,2210.0,2097.60009765625,2131.14990234375,2101814,0.0,0.0
2024-12-10 00:00:00+05:30,2121.10009765625,2200.0,2048.300048828125,2172.64990234375,2341928,0.0,0.0
2024-12-11 00:00:00+05:30,2174.050048828125,2200.0,2132.0,2165.0,905083,0.0,0.0
2024-12-12 00:00:00+05:30,2152.89990234375,2196.699951171875,2125.60009765625,2140.0,926181,0.0,0.0
2024-12-13 00:00:00+05:30,2136.85009765625,2144.89990234375,2090.14990234375,2104.050048828125,1111171,0.0,0.0
2024-12-16 00:00:00+05:30,2094.10009765625,2124.89990234375,2072.699951171875,2108.75,1272989,0.0,0.0
2024-12-17 00:00:00+05:30,2110.0,2179.550048828125,2101.5,2133.449951171875,1325933,0.0,0.0
2024-12-18 00:00:00+05:30,2147.14990234375,2172.0,2095.39990234375,2147.64990234375,1089931,0.0,0.0
2024-12-19 00:00:00+05:30,2101.0,2154.0,2056.199951171875,2144.14990234375,964655,0.0,0.0
2024-12-20 00:00:00+05:30,2155.0,2155.39990234375,2060.0,2092.14990234375,1434504,0.0,0.0
2024-12-23 00:00:00+05:30,2092.14990234375,2141.75,2076.39990234375,2116.39990234375,1102384,0.0,0.0
2024-12-24 00:00:00+05:30,2110.199951171875,2110.25,2045.0,2058.5,1059235,0.0,0.0
2024-12-26 00:00:00+05:30,2047.8499755859375,2067.300048828125,2025.050048828125,2037.199951171875,742457,0.0,0.0
2024-12-27 00:00:00+05:30,2037.199951171875,2074.0,2033.6500244140625,2052.75,738273,0.0,0.0
2024-12-30 00:00:00+05:30,2035.0,2151.5,2031.949951171875,2107.85009765625,4039739,0.0,0.0
2024-12-31 00:00:00+05:30,2045.5,2121.60009765625,2032.0,2108.85009765625,1718180,0.0,0.0
2025-01-01 00:00:00+05:30,2103.0,2134.699951171875,2090.60009765625,2119.199951171875,728019,0.0,0.0
2025-01-02 00:00:00+05:30,2130.949951171875,2230.0,2115.0,2203.25,2784644,0.0,0.0
2025-01-03 00:00:00+05:30,2212.0,2246.89990234375,2175.0,2215.85009765625,730651,0.0,0.0
2025-01-06 00:00:00+05:30,2220.0,2236.949951171875,2100.0,2120.0,1437924,0.0,0.0
2025-01-07 00:00:00+05:30,2120.0,2152.449951171875,2069.449951171875,2079.550048828125,1403657,0.0,0.0
2025-01-08 00:00:00+05:30,2080.10009765625,2084.85009765625,1968.449951171875,2002.8499755859375,1748241,0.0,0.0
2025-01-09 00:00:00+05:30,1991.25,1997.300048828125,1915.0,1919.550048828125,1033509,0.0,0.0
2025-01-10 00:00:00+05:30,1918.050048828125,1930.75,1840.8499755859375,1862.949951171875,1279770,0.0,0.0
2025-01-13 00:00:00+05:30,1784.800048828125,1802.949951171875,1680.1500244140625,1697.1500244140625,2739327,0.0,0.0
2025-01-14 00:00:00+05:30,1680.0,1770.0,1676.0,1743.8499755859375,1594900,0.0,0.0
2025-01-15 00:00:00+05:30,1743.8499755859375,1778.0,1700.050048828125,1763.6500244140625,1991197,0.0,0.0
2025-01-16 00:00:00+05:30,1791.0,1841.3499755859375,1791.0,1813.300048828125,2072357,0.0,0.0
2025-01-17 00:00:00+05:30,1815.0,1817.4000244140625,1706.0,1724.4000244140625,2732621,0.0,0.0
2025-01-20 00:00:00+05:30,1714.4000244140625,1774.0,1695.0,1749.800048828125,1099774,0.0,0.0
2025-01-21 00:00:00+05:30,1752.949951171875,1752.949951171875,1641.3499755859375,1651.449951171875,1359132,0.0,0.0
2025-01-22 00:00:00+05:30,1664.9000244140625,1664.9000244140625,1547.25,1610.699951171875,2767075,0.0,0.0
2025-01-23 00:00:00+05:30,1612.8499755859375,1704.75,1605.0,1686.800048828125,1397792,0.0,0.0
2025-01-24 00:00:00+05:30,1686.800048828125,1713.949951171875,1672.0,1694.699951171875,1300353,0.0,0.0
2025-01-27 00:00:00+05:30,1670.0,1705.949951171875,1665.0,1694.050048828125,1313812,0.0,0.0
2025-01-28 00:00:00+05:30,1685.0999755859375,1705.0,1625.0,1644.0,1176369,0.0,0.0
2025-01-29 00:00:00+05:30,1644.0,1723.199951171875,1633.75,1710.949951171875,756568,0.0,0.0
2025-01-30 00:00:00+05:30,1725.449951171875,1735.25,1639.0,1656.0999755859375,1487051,0.0,0.0
2025-01-31 00:00:00+05:30,1680.0,1740.0,1595.0999755859375,1726.800048828125,3194484,0.0,0.0
2025-02-01 00:00:00+05:30,1740.0,1770.0999755859375,1604.699951171875,1716.1500244140625,925700,0.0,0.0
2025-02-03 00:00:00+05:30,1662.6500244140625,1709.449951171875,1647.3499755859375,1672.1500244140625,1253612,0.0,0.0
2025-02-04 00:00:00+05:30,1675.0,1712.9000244140625,1668.199951171875,1706.6500244140625,1270301,0.0,0.0
2025-02-05 00:00:00+05:30,1721.949951171875,1770.5999755859375,1710.75,1753.75,1321880,0.0,0.0
2025-02-06 00:00:00+05:30,1760.1500244140625,1777.0999755859375,1685.0999755859375,1701.75,722329,0.0,0.0
2025-02-07 00:00:00+05:30,1701.75,1731.9000244140625,1659.25,1725.4000244140625,916722,0.0,0.0
2025-02-10 00:00:00+05:30,1725.0,1732.5,1652.699951171875,1661.800048828125,817366,0.0,0.0
2025-02-11 00:00:00+05:30,1661.800048828125,1668.949951171875,1518.5,1539.300048828125,2543617,0.0,0.0
2025-02-12 00:00:00+05:30,1537.0,1611.8499755859375,1487.5,1592.75,2607336,0.0,0.0
2025-02-13 00:00:00+05:30,1584.699951171875,1660.0,1576.4000244140625,1633.75,1630636,0.0,0.0
2025-02-14 00:00:00+05:30,1627.0,1649.5999755859375,1548.0,1574.0,963249,0.0,0.0
2025-02-17 00:00:00+05:30,1542.0999755859375,1550.0,1476.949951171875,1494.3499755859375,3807864,0.0,0.0
2025-02-18 00:00:00+05:30,1475.949951171875,1558.5,1470.25,1526.0999755859375,2180785,0.0,0.0
2025-02-19 00:00:00+05:30,1516.0,1542.0,1484.050048828125,1511.800048828125,1326272,0.0,0.0
2025-02-20 00:00:00+05:30,1503.0,1532.3499755859375,1494.550048828125,1509.0,1687900,0.0,0.0
2025-02-21 00:00:00+05:30,1510.0999755859375,1575.550048828125,1510.0999755859375,1562.75,1383884,0.0,0.0
2025-02-24 00:00:00+05:30,1540.0,1565.6500244140625,1497.050048828125,1554.5999755859375,1408416,0.0,0.0
2025-02-25 00:00:00+05:30,1542.0,1553.0,1499.050048828125,1505.5,1110766,0.0,0.0
2025-02-27 00:00:00+05:30,1523.8499755859375,1525.0,1457.25,1500.800048828125,1363988,0.0,0.0
2025-02-28 00:00:00+05:30,1494.9000244140625,1494.9000244140625,1442.050048828125,1463.5999755859375,5127596,0.0,0.0
2025-03-03 00:00:00+05:30,1457.0,1464.8499755859375,1372.949951171875,1451.8499755859375,1883178,0.0,0.0
2025-03-04 00:00:00+05:30,1425.550048828125,1485.5,1397.0,1413.8499755859375,1937109,0.0,0.0
2025-03-05 00:00:00+05:30,1391.0,1421.300048828125,1364.0,1409.6500244140625,3408547,0.0,0.0
2025-03-06 00:00:00+05:30,1426.25,1441.25,1399.5999755859375,1406.699951171875,1024878,0.0,0.0
2025-03-07 00:00:00+05:30,1410.0,1433.949951171875,1389.0,1397.800048828125,906953,0.0,0.0
2025-03-10 00:00:00+05:30,1393.5,1448.0,1386.25,1425.4000244140625,1852710,0.0,0.0
2025-03-11 00:00:00+05:30,1411.0,1483.25,1405.300048828125,1468.949951171875,1276914,0.0,0.0
2025-03-12 00:00:00+05:30,1450.0,1450.0,1336.199951171875,1405.699951171875,4617751,0.0,0.0
2025-03-13 00:00:00+05:30,1419.699951171875,1420.0,1320.0,1331.9000244140625,6227774,0.0,0.0
2025-03-17 00:00:00+05:30,1325.300048828125,1366.0,1311.3499755859375,1354.800048828125,3906003,0.0,0.0
2025-03-18 00:00:00+05:30,1354.800048828125,1354.800048828125,1354.800048828125,1354.800048828125,0,0.0,0.0
2025-03-19 00:00:00+05:30,1454.0,1561.9000244140625,1451.0999755859375,1555.75,3357370,0.0,0.0
2025-03-20 00:00:00+05:30,1552.0,1586.050048828125,1538.0999755859375,1559.199951171875,2487897,0.0,0.0
2025-03-21 00:00:00+05:30,1551.1500244140625,1608.4000244140625,1533.0999755859375,1603.0,2427821,0.0,0.0
2025-03-24 00:00:00+05:30,1603.0,1698.0,1603.0,1677.550048828125,2791314,0.0,0.0
2025-03-25 00:00:00+05:30,1672.050048828125,1687.800048828125,1592.050048828125,1609.8499755859375,1718600,0.0,0.0
2025-03-26 00:00:00+05:30,1618.0,1649.0,1600.0,1611.1500244140625,926644,0.0,0.0
2025-03-27 00:00:00+05:30,1614.75,1665.0,1614.050048828125,1647.1500244140625,2132609,0.0,0.0
2025-03-28 00:00:00+05:30,1663.0,1672.0,1571.0,1589.75,1314744,0.0,0.0
2025-04-01 00:00:00+05:30,1586.0,1601.3499755859375,1505.3499755859375,1514.5999755859375,1063741,0.0,0.0
2025-04-02 00:00:00+05:30,1520.550048828125,1587.6500244140625,1519.050048828125,1581.75,1734103,0.0,0.0
2025-04-03 00:00:00+05:30,1565.0,1601.699951171875,1551.9000244140625,1566.300048828125,1140135,0.0,0.0
2025-04-04 00:00:00+05:30,1566.1500244140625,1566.300048828125,1493.199951171875,1504.199951171875,698224,0.0,0.0
2025-04-07 00:00:00+05:30,1381.9000244140625,1477.449951171875,1381.9000244140625,1445.6500244140625,2333247,0.0,0.0
2025-04-08 00:00:00+05:30,1504.0,1551.699951171875,1483.550048828125,1531.949951171875,2919187,0.0,0.0
2025-04-09 00:00:00+05:30,1531.949951171875,1531.949951171875,1455.0,1469.1500244140625,1655407,0.0,0.0
2025-04-11 00:00:00+05:30,1506.5,1542.5999755859375,1500.0,1533.1500244140625,1037294,0.0,0.0
2025-04-15 00:00:00+05:30,1567.5999755859375,1625.0,1546.5999755859375,1619.5999755859375,1506859,0.0,0.0
2025-04-16 00:00:00+05:30,1650.0,1688.0,1616.5,1649.5999755859375,2449395,0.0,0.0
2025-04-17 00:00:00+05:30,1649.5999755859375,1674.800048828125,1632.800048828125,1653.0,1425039,0.0,0.0
2025-04-21 00:00:00+05:30,1686.0,1709.800048828125,1653.0999755859375,1685.699951171875,1612702,0.0,0.0
2025-04-22 00:00:00+05:30,1686.699951171875,1708.699951171875,1646.0999755859375,1694.0,1273318,0.0,0.0
2025-04-23 00:00:00+05:30,1703.5,1703.5,1628.0,1664.800048828125,2468780,0.0,0.0
2025-04-24 00:00:00+05:30,1672.0,1678.0,1644.800048828125,1667.199951171875,1020376,0.0,0.0
2025-04-25 00:00:00+05:30,1670.0,1673.4000244140625,1578.0999755859375,1594.199951171875,1264004,0.0,0.0
2025-04-28 00:00:00+05:30,1600.0,1633.4000244140625,1587.5999755859375,1617.300048828125,1362947,0.0,0.0
2025-04-29 00:00:00+05:30,1624.0,1636.800048828125,1596.0,1600.5999755859375,1052830,0.0,0.0
2025-04-30 00:00:00+05:30,1600.5999755859375,1653.199951171875,1583.0,1625.300048828125,1320799,0.0,0.0
2025-05-02 00:00:00+05:30,1615.0,1651.5,1585.5,1590.0,686485,0.0,0.0
2025-05-05 00:00:00+05:30,1597.0,1676.5,1596.0,1669.4000244140625,672334,0.0,0.0
2025-05-06 00:00:00+05:30,1669.0,1673.800048828125,1582.699951171875,1588.300048828125,644417,0.0,0.0
2025-05-07 00:00:00+05:30,1570.0999755859375,1645.0,1558.4000244140625,1640.199951171875,901838,0.0,0.0
2025-05-08 00:00:00+05:30,1632.0999755859375,1683.0,1596.4000244140625,1609.300048828125,850279,0.0,0.0
2025-05-09 00:00:00+05:30,1574.0,1634.5,1574.0,1619.9000244140625,1064721,0.0,0.0
2025-05-12 00:00:00+05:30,1651.0,1710.0,1645.300048828125,1698.0,1104697,0.0,0.0
2025-05-13 00:00:00+05:30,1696.9000244140625,1731.0,1656.800048828125,1714.300048828125,1466618,0.0,0.0
2025-05-14 00:00:00+05:30,1729.0,1761.0,1706.199951171875,1754.9000244140625,1579196,0.0,0.0
2025-05-15 00:00:00+05:30,1759.0999755859375,1786.5,1722.0,1777.699951171875,4042412,0.0,0.0
2025-05-16 00:00:00+05:30,1798.800048828125,1853.699951171875,1735.0999755859375,1756.199951171875,4134687,0.0,0.0
2025-05-19 00:00:00+05:30,1748.0,1755.300048828125,1675.800048828125,1694.5,2143665,0.0,0.0
2025-05-20 00:00:00+05:30,1694.5,1702.5999755859375,1629.5,1649.699951171875,2589067,0.0,0.0
2025-05-21 00:00:00+05:30,1648.0999755859375,1730.9000244140625,1635.199951171875,1726.699951171875,1614461,0.0,0.0
2025-05-22 00:00:00+05:30,1715.0,1780.0,1691.9000244140625,1763.699951171875,1690219,0.0,0.0
2025-05-23 00:00:00+05:30,1750.0999755859375,1789.0,1747.9000244140625,1777.5999755859375,713655,0.0,0.0
2025-05-26 00:00:00+05:30,1778.0,1807.9000244140625,1769.9000244140625,1788.4000244140625,1612402,0.0,0.0
2025-05-27 00:00:00+05:30,1781.0,1801.4000244140625,1750.5999755859375,1783.300048828125,1267768,0.0,0.0
2025-05-28 00:00:00+05:30,1783.300048828125,1786.5999755859375,1740.0,1746.5,707352,0.0,0.0
2025-05-29 00:00:00+05:30,1755.0,1798.800048828125,1751.0,1784.300048828125,1088754,0.0,0.0
2025-05-30 00:00:00+05:30,1781.0999755859375,1790.800048828125,1750.0,1761.5999755859375,1670379,0.0,0.0
2025-06-02 00:00:00+05:30,1755.0,1786.0,1739.199951171875,1757.699951171875,1043830,0.0,0.0
2025-06-03 00:00:00+05:30,1799.0,1799.0,1724.800048828125,1739.9000244140625,1027532,0.0,0.0
2025-06-04 00:00:00+05:30,1745.0999755859375,1850.0,1745.0999755859375,1841.4000244140625,2981652,0.0,0.0
2025-06-05 00:00:00+05:30,1858.699951171875,1894.800048828125,1839.5999755859375,1886.699951171875,2198322,0.0,0.0
2025-06-06 00:00:00+05:30,1878.0,1924.5,1873.9000244140625,1916.699951171875,1010317,0.0,0.0
2025-06-09 00:00:00+05:30,1945.0,1955.0,1891.0,1904.300048828125,1350692,0.0,0.0
2025-06-10 00:00:00+05:30,1904.300048828125,1908.699951171875,1866.0999755859375,1872.5,1232397,0.0,0.0
2025-06-11 00:00:00+05:30,1880.0999755859375,1895.0,1854.5999755859375,1887.0,1460417,0.0,0.0
2025-06-12 00:00:00+05:30,1890.0999755859375,1919.0,1861.5999755859375,1871.5,1222475,0.0,0.0
2025-06-13 00:00:00+05:30,1830.0,1899.800048828125,1801.0,1890.4000244140625,1212639,0.0,0.0
2025-06-16 00:00:00+05:30,1894.800048828125,1916.0,1848.0,1908.800048828125,1263378,0.0,0.0
2025-06-17 00:00:00+05:30,1921.0,1978.0,1907.0,1950.0999755859375,2247984,0.0,0.0
2025-06-18 00:00:00+05:30,1940.0,1940.0,1878.0,1893.800048828125,1866430,0.0,0.0
2025-06-19 00:00:00+05:30,1903.9000244140625,1919.0,1861.4000244140625,1865.5999755859375,704988,0.0,0.0
2025-06-20 00:00:00+05:30,1855.800048828125,1912.699951171875,1855.300048828125,1901.300048828125,1136167,0.0,0.0
2025-06-23 00:00:00+05:30,1880.0999755859375,1914.800048828125,1867.199951171875,1901.300048828125,980441,0.0,0.0
2025-06-24 00:00:00+05:30,1912.0,1941.0999755859375,1860.0,1868.800048828125,1069794,0.0,0.0
2025-06-25 00:00:00+05:30,1870.0,1872.9000244140625,1831.0,1839.800048828125,1437001,0.0,0.0
2025-06-26 00:00:00+05:30,1865.0,1888.0,1803.5,1834.0999755859375,2545604,0.0,0.0
2025-06-27 00:00:00+05:30,1850.0,1870.0,1810.0,1819.9000244140625,5098482,0.0,0.0
2025-06-30 00:00:00+05:30,1838.0,1839.800048828125,1805.4000244140625,1823.9000244140625,1126616,0.0,0.0
2025-07-01 00:00:00+05:30,1818.0,1842.300048828125,1791.0,1832.9000244140625,1812983,0.0,0.0
2025-07-02 00:00:00+05:30,1820.0,1856.9000244140625,1791.0,1821.5,1742202,0.0,0.0
2025-07-03 00:00:00+05:30,1850.0,1865.0,1797.0999755859375,1809.0,1057854,0.0,0.0
2025-07-04 00:00:00+05:30,1815.300048828125,1820.9000244140625,1763.0,1794.0,1296834,0.0,0.0
2025-07-07 00:00:00+05:30,1803.300048828125,1830.0,1777.699951171875,1824.800048828125,1009248,0.0,0.0
2025-07-08 00:00:00+05:30,1825.0,1858.9000244140625,1799.5,1854.199951171875,903802,0.0,0.0
2025-07-09 00:00:00+05:30,1857.0,1864.4000244140625,1837.0999755859375,1854.5,812004,0.0,0.0
2025-07-10 00:00:00+05:30,1850.0,1875.0,1817.300048828125,1832.0999755859375,493719,0.0,0.0
2025-07-11 00:00:00+05:30,1824.0999755859375,1827.800048828125,1776.0,1793.800048828125,1238349,0.0,0.0
2025-07-14 00:00:00+05:30,1790.300048828125,1836.9000244140625,1773.0,1831.199951171875,1228303,0.0,0.0
2025-07-15 00:00:00+05:30,1831.199951171875,1863.699951171875,1829.9000244140625,1860.4000244140625,513333,0.0,0.0
2025-07-16 00:00:00+05:30,1859.9000244140625,1859.9000244140625,1808.4000244140625,1812.5,1001340,0.0,0.0
2025-07-17 00:00:00+05:30,1810.0,1811.9000244140625,1785.0,1790.4000244140625,986835,0.0,0.0
2025-07-18 00:00:00+05:30,1791.199951171875,1794.800048828125,1741.300048828125,1762.4000244140625,1579500,0.0,0.0
2025-07-21 00:00:00+05:30,1762.4000244140625,1809.5,1737.5999755859375,1801.9000244140625,2381179,0.0,0.0
2025-07-22 00:00:00+05:30,1815.0,1837.0999755859375,1788.5999755859375,1820.800048828125,975227,0.0,0.0
2025-07-23 00:00:00+05:30,1810.0999755859375,1828.300048828125,1810.0999755859375,1820.699951171875,943619,0.0,0.0
2025-07-24 00:00:00+05:30,1805.0999755859375,1826.699951171875,1761.0,1791.0,1395513,0.0,0.0
2025-07-25 00:00:00+05:30,1782.0,1795.5,1767.300048828125,1781.4000244140625,536934,0.0,0.0
2025-07-28 00:00:00+05:30,1784.5999755859375,1815.300048828125,1739.0,1782.699951171875,974221,0.0,0.0
2025-07-29 00:00:00+05:30,1789.9000244140625,1807.0,1756.9000244140625,1790.0999755859375,735601,0.0,0.0
2025-07-30 00:00:00+05:30,1781.199951171875,1836.699951171875,1780.5999755859375,1821.4000244140625,937146,0.0,0.0
2025-07-31 00:00:00+05:30,1800.0,1828.9000244140625,1780.5,1812.0999755859375,1138246,0.0,0.0
2025-08-01 00:00:00+05:30,1812.0999755859375,1829.5999755859375,1760.0,1780.9000244140625,1691257,0.0,0.0
2025-08-04 00:00:00+05:30,1784.9000244140625,1790.300048828125,1727.0999755859375,1780.9000244140625,862293,0.0,0.0
2025-08-05 00:00:00+05:30,1780.9000244140625,1780.9000244140625,1736.0,1748.0,1222934,0.0,0.0
2025-08-06 00:00:00+05:30,1745.0,1770.0,1729.800048828125,1735.5,710140,0.0,0.0
2025-08-07 00:00:00+05:30,1730.0,1790.0,1725.0,1773.9000244140625,1072869,0.0,0.0
2025-08-08 00:00:00+05:30,1771.0,1789.800048828125,1753.5999755859375,1769.4000244140625,595136,0.0,0.0
2025-08-11 00:00:00+05:30,1779.0999755859375,1870.699951171875,1769.9000244140625,1860.5999755859375,2505626,0.0,0.0
2025-08-12 00:00:00+05:30,1865.0,1865.0,1820.0999755859375,1827.699951171875,875077,0.0,0.0
2025-08-13 00:00:00+05:30,1835.0999755859375,1889.5,1825.5,1852.0,1329799,0.0,0.0
2025-08-14 00:00:00+05:30,1852.0,1858.4000244140625,1825.0999755859375,1834.199951171875,661217,0.0,0.0
2025-08-18 00:00:00+05:30,1879.800048828125,1930.9000244140625,1857.0,1866.5999755859375,2712476,0.0,0.0
